"시점","항목","연령별(1)",수원시,용인시,성남시,부천시,안산시,화성시,안양시,평택시,시흥시,김포시,광명시,광주시,군포시,이천시,오산시,하남시,안성시,의왕시,여주시,과천시,양평군,고양시,남양주시,의정부시,파주시,양주시,구리시,포천시,동두천시,가평군,연천군
"2014","계","0~4세",60295,54855,42335,36492,31301,37364,25759,23289,18846,21656,17785,16876,15488,10844,14853,6633,9093,7851,4634,2665,3726,44031,34290,18269,23327,10071,8009,5806,4390,2003,1906
"2014","계","5~9세",58506,60038,41835,36313,32673,38535,25818,23484,20900,20198,17950,15198,14411,10979,14012,6778,9404,7567,4761,3236,4245,47645,36971,19509,23543,11284,8702,6394,4604,2181,1557
"2014","계","10~14세",67208,62599,50851,42037,41320,36208,31834,26242,24395,19456,19090,15409,15992,12022,12686,7189,9907,8224,5597,4209,4738,59160,38163,23502,23926,12086,10532,7996,5105,2670,1960
"2014","계","15~19세",83472,64864,62976,56681,55696,33412,41869,30618,30185,20140,22106,17473,18907,13904,12834,8613,11246,10554,6717,5377,5389,73604,42119,29402,25376,13105,13140,10108,6054,3307,2320
"2014","계","20~24세",90956,58292,67793,65982,57719,27775,45850,29468,29556,19659,22911,17742,20323,13052,12664,9476,10771,11592,6701,5204,5662,75527,39701,30776,25472,12405,13676,10262,5952,3256,2877
"2014","계","25~29세",84048,49157,67863,61100,47328,29669,41217,26521,23083,17317,21820,17100,19230,12723,13450,9089,9934,10438,5487,4453,4743,59492,32413,25156,25990,10110,11433,8361,5223,2880,2550
"2014","계","30~34세",102493,73363,83416,70691,54566,48488,47718,35495,29733,28200,29903,26430,24847,15847,21754,11550,14038,12229,7032,4592,5537,68287,45866,30564,32626,13638,13538,9030,6679,3228,2598
"2014","계","35~39세",100192,89458,77921,65623,55191,56287,44557,37056,33571,32219,30357,26107,23528,16454,22370,11637,14543,12297,7332,4427,6264,75778,55142,32007,34230,15916,14421,9659,7228,3444,2359
"2014","계","40~44세",111505,104052,91875,75406,69428,57336,53771,42741,41347,33434,33212,28262,26886,17938,20883,13276,16029,14128,8582,6433,7977,101738,64652,40675,40113,19912,17979,12871,8680,4384,3069
"2014","계","45~49세",107434,85556,86731,76445,72431,44524,55218,40097,41771,28456,29643,25755,25391,17295,16953,12431,15000,13981,9160,6865,8101,98774,56214,39486,34543,17920,17875,14257,8295,4865,3326
"2014","계","50~54세",98888,68630,83826,81690,66065,37172,55626,37126,35949,26548,28108,24879,25330,16829,14227,13467,14825,14637,9768,6669,9743,92004,51347,38466,31608,16860,17222,15438,8234,5712,3973
"2014","계","55~59세",72006,53303,70430,68540,46023,28905,46462,29231,23780,22443,25336,22423,20373,14162,10729,12702,13007,12202,9243,5226,10093,68017,42794,31959,26027,14660,13598,13931,7311,6034,4217
"2014","계","60~64세",42753,38515,44813,40131,24355,19327,27815,18619,12688,14878,16359,14763,11376,9095,6436,8709,9109,7226,6698,3073,7633,38001,28709,20450,16558,9498,8167,8406,4851,4375,2764
"2014","계","65~69세",32044,33935,35111,27517,17195,15053,19558,15141,9296,12255,11827,11055,8331,7071,5015,6354,7152,5146,5310,2237,6414,30954,23294,16798,14491,8214,6314,7011,4387,3563,2765
"2014","계","70~74세",25477,27795,27718,20775,14561,12085,15372,13641,7876,9778,9343,8511,6916,6475,4204,4692,6596,4078,5132,1974,5921,28536,19303,14486,13578,7019,5297,6351,4344,3615,2721
"2014","계","75~79세",18522,18941,19373,15175,11336,9610,11068,10978,6074,6971,6530,5641,5449,5237,3035,3162,5685,3037,4196,1559,4625,22796,13441,10450,10331,4959,3618,5179,3379,2888,2285
"2014","계","80~84세",10599,10191,11036,8747,6383,5526,6679,5792,3332,3944,3700,3060,3301,3010,1511,1706,3421,1928,2410,1030,2658,13070,6938,5456,5664,2633,1960,2772,1693,1682,1204
"2014","계","85~89세",5321,5060,5649,4222,2976,2442,3145,2680,1544,1929,1725,1468,1598,1417,631,881,1454,910,1081,598,1248,5988,3287,2455,2573,1191,877,1324,797,742,596
"2014","계","90~94세",1943,1880,2187,1513,1060,853,1106,942,540,640,605,540,552,518,235,376,538,351,426,219,498,2055,1198,876,984,441,329,494,260,301,213
"2014","계","95~99세",374,439,528,342,193,221,240,227,116,144,147,101,134,109,56,91,106,73,84,72,119,491,288,210,255,114,80,98,82,50,76
"2014","계","100세 이상",192,103,341,164,76,70,127,167,57,45,103,65,45,33,27,84,38,33,35,38,45,206,126,160,133,36,53,50,47,33,27
"2015","계","0~4세",59851,53465,41258,35174,29681,41436,25075,23420,18571,21676,16952,17370,14817,10564,13862,8227,8475,7459,4461,2542,3720,44543,33961,17815,23324,9897,7747,5612,4194,1981,1886
"2015","계","5~9세",59254,60793,41901,36101,31749,43609,25855,24349,21037,21493,17803,15859,14389,10907,13897,8350,9292,7572,4725,3058,4426,48525,38195,19524,24711,11325,8653,6334,4744,2220,1568
"2015","계","10~14세",61737,59236,46263,38138,36783,37356,28952,24433,22426,19011,17663,14952,14745,11089,11899,7364,9172,7350,5174,3828,4562,54563,36540,21587,23050,11493,9540,7156,4674,2496,1804
"2015","계","15~19세",81539,66304,61692,54156,53225,36385,40450,30570,29645,20473,21733,17806,18585,13834,12838,9202,11098,10412,6625,5073,5453,72615,42568,28868,26130,13261,12881,9805,5929,3265,2283
"2015","계","20~24세",93381,61381,67985,65576,58913,31902,45954,31039,30547,20415,22984,18950,20380,13289,12853,10311,10973,11695,6799,5221,5724,78302,41945,31976,26490,12856,14189,10449,6184,3389,3167
"2015","계","25~29세",85602,49929,67754,60527,47459,32839,41110,27576,23737,17511,20960,17597,19213,12351,13116,9861,9546,10283,5504,4509,4910,62444,33151,25629,25888,10204,11349,8493,5059,2818,2722
"2015","계","30~34세",98609,68601,79493,67092,50414,51796,45646,34932,28105,26333,27556,26199,23458,15094,19902,12721,12548,11348,6550,4469,5296,67917,43820,29048,32330,12837,12768,8586,6378,3109,2496
"2015","계","35~39세",101844,89107,78368,65889,53519,63817,44595,37983,33526,33431,29786,28077,23552,16304,22099,14445,14309,12289,7337,4285,6337,76856,56204,32068,35431,15785,14278,9329,7018,3421,2430
"2015","계","40~44세",108701,102352,87197,71799,65251,61940,51300,42624,40099,34197,32336,28587,25768,17292,20626,14543,15533,13314,8376,5869,8053,97859,64452,39098,39901,19611,17093,12211,8382,4254,2961
"2015","계","45~49세",108983,90405,88263,75389,71514,50170,54996,41513,42147,29661,29952,27256,25539,17548,17319,13705,15131,14098,9214,6691,8231,101371,58767,40037,36577,18479,18058,13922,8457,4847,3118
"2015","계","50~54세",98584,70859,81752,78625,66093,40304,53805,37653,36940,26758,27535,25400,24785,16609,14320,14022,14471,14356,9643,6529,9430,93326,52356,38197,32279,16924,17086,15054,8165,5540,3833
"2015","계","55~59세",78677,56876,73666,73105,50374,33124,49110,32033,26665,24071,26251,24543,21910,15212,11431,14251,13788,12996,9778,5531,10661,74949,46390,34022,28083,15714,14426,14862,7722,6274,4275
"2015","계","60~64세",48112,42320,49446,45006,27297,22430,31132,20871,14621,16921,17956,17167,12877,10213,7302,10386,10017,8230,7614,3412,8841,44226,32691,22786,18687,10800,9285,9487,5442,5044,3152
"2015","계","65~69세",33979,35381,36711,29467,18055,16419,20789,15919,9823,13249,12538,11991,8824,7391,5243,7298,7460,5495,5449,2403,6721,32794,24700,17396,15196,8579,6575,7133,4565,3656,2742
"2015","계","70~74세",26241,28850,28228,20962,14394,12782,15475,13635,7965,10144,9428,8819,6940,6385,4224,5086,6512,4078,5152,1966,6104,28932,20120,14629,13693,7240,5375,6256,4278,3628,2676
"2015","계","75~79세",19245,20308,20082,15572,11386,10007,11377,11153,6302,7306,6730,6099,5540,5311,3142,3388,5870,3182,4212,1543,4779,23975,14269,11108,10886,5239,3822,5326,3588,2962,2292
"2015","계","80~84세",11722,11466,12021,9651,7111,6140,7206,6499,3689,4361,4056,3476,3676,3331,1712,1954,3732,2093,2630,1085,2957,14653,7924,6083,6287,2978,2119,3045,1910,1870,1364
"2015","계","85~89세",5798,5508,6102,4558,3216,2804,3369,2900,1651,2054,1848,1643,1728,1509,704,993,1562,992,1206,608,1386,6653,3630,2735,2941,1315,986,1416,860,834,621
"2015","계","90~94세",2117,2003,2337,1635,1122,956,1194,999,566,714,632,597,602,553,255,417,556,379,457,219,540,2276,1316,915,1019,494,345,548,283,297,232
"2015","계","95~99세",432,488,538,383,245,234,264,248,140,163,173,123,141,112,55,103,113,82,86,68,135,537,312,247,269,112,86,113,88,66,73
"2015","계","100세 이상",216,114,367,182,84,75,135,183,54,48,106,68,50,37,29,86,41,37,41,37,50,230,143,169,149,41,60,55,54,37,30
"2016","계","0~4세",58157,51390,40437,34584,27798,43409,24568,23191,18042,21572,15497,17719,13844,10691,13004,11847,8227,6892,4194,2220,3732,43380,32484,17537,22908,9307,8206,5448,3976,1919,1902
"2016","계","5~9세",59617,60912,42574,36161,31073,47050,25694,24781,21061,22881,17265,16520,14173,11339,14151,11630,9453,7431,4851,2815,4577,48929,38507,19678,25139,11220,8765,6194,4721,2247,1619
"2016","계","10~14세",58963,58155,44300,36130,33750,38945,27529,23954,21492,19278,16923,14882,14029,10883,11602,8896,8749,6878,4864,3447,4523,51908,35841,20410,22832,11207,9231,6710,4486,2310,1632
"2016","계","15~19세",78259,66576,59389,51161,50319,38161,38506,30098,28648,20475,21107,17921,17880,13733,12773,10599,10997,9817,6480,4543,5349,69631,42024,28044,26029,13130,12568,9359,5795,3157,2248
"2016","계","20~24세",93237,64305,67518,64394,58366,34571,44999,31594,30872,20941,22257,19799,19929,13696,13125,12702,11233,11549,6768,4657,5718,78192,42538,32021,26510,12746,14510,10206,6119,3346,3064
"2016","계","25~29세",89715,53070,69242,61906,49333,36324,42347,29256,25124,18492,21117,18732,19253,13063,13371,12650,9792,10712,5553,4272,5059,67006,34378,27050,26349,10544,12305,8618,5218,2980,2937
"2016","계","30~34세",93592,63772,75240,63834,46848,52729,43678,33433,26414,24864,24657,25876,21719,14941,18323,15937,11830,10678,6113,3948,5249,65622,40546,27731,31171,11651,12787,8175,5918,2983,2467
"2016","계","35~39세",104396,89029,80035,68152,52665,69905,45563,39762,33961,35284,29285,30356,23331,16877,22442,20543,14801,11937,7415,4020,6573,77923,56789,32771,36481,15588,15071,9355,6946,3486,2478
"2016","계","40~44세",104879,99083,82918,68131,60284,65273,48518,41913,38412,34705,30593,28824,24354,17285,20574,18182,15047,12631,8063,5056,7921,92002,62437,37005,38591,18846,16557,11321,8059,4073,2757
"2016","계","45~49세",111868,96621,91542,76663,71434,55762,55817,43579,43117,31646,30844,29176,26076,18065,18285,17270,15815,14333,9266,6375,8571,105422,62113,41237,38923,19131,18848,13893,8622,4842,3080
"2016","계","50~54세",97595,71825,79247,75781,65307,42375,52317,37913,37545,27278,26606,26116,23882,16317,14259,16193,14297,13765,9429,5775,9131,92992,52654,38077,32303,16733,17359,14661,8024,5367,3692
"2016","계","55~59세",85759,61161,77580,77516,54830,37405,51735,34864,29877,26230,27075,26805,23323,16558,12563,17758,14825,13886,10240,5336,11307,81543,49228,36211,30204,16554,16195,15674,8144,6452,4305
"2016","계","60~64세",54012,46259,54814,50749,30702,26106,34468,23404,16673,19292,19709,19794,14567,11531,8169,13588,11224,9342,8549,3579,10043,51042,36629,25289,21361,12148,10738,10857,6077,5717,3564
"2016","계","65~69세",34417,35087,36875,30584,18378,17318,21016,16131,10156,13548,12734,12582,8987,7428,5283,8771,7615,5548,5474,2291,6807,32623,25080,17439,15083,8432,6818,6973,4535,3561,2650
"2016","계","70~74세",26885,29909,28581,21520,14219,13439,15773,13542,8022,10774,9414,9297,7040,6400,4334,6058,6509,4185,5001,1918,6276,29284,20586,14895,13698,7320,5621,6233,4211,3581,2618
"2016","계","75~79세",20574,22258,21342,16329,11748,10751,12032,11596,6782,8019,7090,6735,5816,5543,3315,4075,5934,3325,4480,1510,4969,25220,15512,11876,11567,5565,4229,5490,3845,3059,2420
"2016","계","80~84세",12908,12802,13002,10528,7819,6905,7584,7144,4073,4879,4369,3913,3968,3636,1946,2445,4044,2197,2862,1103,3313,16284,8958,6851,6854,3298,2335,3379,2170,2047,1479
"2016","계","85~89세",6193,6017,6486,5001,3366,3087,3600,3133,1782,2230,1991,1765,1884,1610,749,1209,1731,1113,1334,590,1500,7384,3927,2925,3219,1408,1069,1467,938,888,649
"2016","계","90~94세",2243,2193,2421,1657,1243,1031,1237,1066,622,831,646,693,616,585,287,525,603,406,475,222,545,2454,1397,974,1095,518,379,565,315,315,236
"2016","계","95~99세",532,559,637,405,280,260,288,275,153,170,182,153,168,134,68,132,128,98,111,61,158,594,354,255,296,126,111,127,87,81,79
"2016","계","100세 이상",240,143,400,194,97,84,145,203,60,54,123,65,51,44,33,91,42,40,41,40,46,249,172,181,168,41,61,58,71,37,31
"2017","계","0~4세",54920,47768,38106,33019,25110,44449,22672,22305,18591,22846,13832,17881,12400,10252,12287,12763,7454,6167,3890,1877,3639,40347,29622,16756,21675,9015,8258,5006,3580,1819,1797
"2017","계","5~9세",59528,60324,42167,35778,29532,50260,25038,25193,21908,25633,16526,17428,13628,11310,14362,13219,9244,7251,4702,2586,4644,48535,38068,19669,25135,11291,9172,5976,4441,2212,1637
"2017","계","10~14세",59123,59567,44142,35900,32535,42191,26920,24346,21922,20842,16738,15564,13701,11004,12184,10201,8753,6788,4803,3065,4640,51146,36489,20340,23421,11400,9376,6393,4511,2270,1554
"2017","계","15~19세",73942,64495,55597,47381,46199,39091,35737,29063,27479,20692,19745,18011,16946,13246,12466,10791,10554,9289,6087,3950,5345,65937,40523,26554,25475,12949,12045,8691,5384,3026,2117
"2017","계","20~24세",91899,65004,65787,62107,56661,37891,43090,32174,31469,21585,21661,20340,19295,13522,13322,13473,11250,11328,6557,4211,5663,76255,42504,31836,26468,13009,14613,9891,5999,3325,2790
"2017","계","25~29세",94129,56481,70603,63549,51349,41557,42916,31288,27826,20538,21285,20576,19527,13924,14172,14102,9933,10786,5776,3772,5273,70561,35926,28455,27574,11403,13201,8704,5222,3088,3049
"2017","계","30~34세",90108,59479,70279,60555,43195,53975,40732,32332,26575,25936,22501,25503,19962,14353,17025,16499,10799,9931,5634,3334,5154,62742,36800,26502,30296,11393,12610,7714,5352,2881,2343
"2017","계","35~39세",105837,88038,79951,69345,51043,75876,45248,41105,36086,39883,28303,33077,22942,17416,23147,23292,14690,11590,7430,3606,6839,77504,55892,33328,37146,16047,16156,8992,6704,3523,2459
"2017","계","40~44세",102904,97354,79630,65684,56229,69976,45972,41701,38381,37207,29043,29576,23016,17219,20879,20217,14653,12034,7958,4235,7760,87141,60577,35345,37643,18486,16420,10485,7520,3903,2569
"2017","계","45~49세",112207,100562,91461,76197,69831,61652,55013,45303,43747,34263,30944,31227,26163,18290,19122,19283,16026,14239,9333,5742,8963,106536,64040,42022,40567,20033,19263,13539,8743,4876,3056
"2017","계","50~54세",97968,74866,78223,73719,64629,45524,50691,38678,38866,28331,26151,27106,23356,16325,14811,17098,14256,13597,9311,5168,9216,92988,53297,37733,32787,17167,17557,14318,7891,5262,3548
"2017","계","55~59세",90678,64733,78254,79781,57875,41847,52580,37170,33323,28301,27067,28698,24109,17186,13503,19341,15253,14480,10618,4915,11784,85807,51148,37517,31666,17310,17310,15926,8364,6541,4233
"2017","계","60~64세",57718,48528,57784,54777,33435,28744,36500,24946,18980,21424,20673,21757,15882,12160,8784,15388,11787,10089,8802,3592,10601,56151,38747,27018,23114,13545,11699,11839,6399,5976,3856
"2017","계","65~69세",37176,36811,38405,33077,19564,19351,22180,16952,11297,14996,13277,14123,9559,8194,5794,10289,8220,6099,6158,2227,7705,34260,26947,18232,15820,8992,7454,7324,4613,3914,2672
"2017","계","70~74세",27947,31339,29297,22501,14391,14295,15884,13639,8340,11457,9532,10079,7266,6417,4428,6880,6657,4307,5025,1790,6415,29557,21223,15093,13848,7759,5839,6292,4259,3524,2576
"2017","계","75~79세",22575,24704,23384,18012,12496,11814,12934,12454,7503,9128,7778,7696,6219,5887,3744,4742,6150,3647,4774,1500,5504,27122,17388,12990,12579,6313,4694,5811,4138,3273,2505
"2017","계","80~84세",13924,14185,13818,11038,8196,7605,7983,7809,4401,5398,4552,4311,4244,3893,2151,2688,4306,2351,3059,1076,3525,17652,9718,7445,7458,3701,2606,3662,2402,2103,1606
"2017","계","85~89세",6724,6650,6943,5440,3698,3437,3910,3399,1992,2484,2173,1957,2043,1730,831,1377,1973,1205,1402,561,1634,8154,4374,3183,3517,1587,1184,1555,1031,997,688
"2017","계","90~94세",2426,2404,2562,1796,1347,1165,1299,1156,727,906,695,771,714,606,319,590,626,441,498,222,589,2656,1449,1082,1165,547,403,588,343,321,269
"2017","계","95~99세",645,635,719,478,293,298,315,311,186,193,200,194,183,154,71,172,159,107,130,58,161,678,421,293,329,158,118,154,101,102,73
"2017","계","100세 이상",250,154,398,195,102,88,150,206,65,49,114,72,50,54,35,82,43,41,37,40,51,254,168,191,165,41,64,65,74,37,34
"2018","계","0~4세",51295,47064,34482,31248,22253,47403,21286,21950,20651,24428,12547,18279,11080,9631,11896,13620,6941,5607,3599,1930,3427,37936,29124,16370,21516,8772,8306,4553,3216,1728,1613
"2018","계","5~9세",58279,60383,41184,34988,27266,53962,23778,25633,23605,27632,15372,18163,12829,11048,14246,14742,8903,6915,4607,2559,4536,47403,38743,19673,25589,11202,9297,5590,4279,2108,1591
"2018","계","10~14세",58127,60636,43016,34938,30778,46234,25749,24819,22939,22551,16273,16083,13118,10935,12537,11446,8746,6665,4658,3012,4788,49971,37528,19957,23979,11457,9156,5933,4307,2241,1560
"2018","계","15~19세",70405,63383,52395,44105,42432,41149,33326,28277,26818,21073,18811,17826,16112,12552,12471,11147,10033,8690,5688,3701,5084,62566,39903,25434,25199,12647,11360,8135,5187,2854,1996
"2018","계","20~24세",89991,66443,63454,59448,53991,41147,41098,32520,32062,22560,20994,21036,18722,13448,13668,14042,11179,11016,6402,4196,5507,74408,42676,31305,26513,13124,14402,9535,5867,3204,2557
"2018","계","25~29세",97594,60309,70965,63440,52206,47842,42518,33705,31111,23135,21241,22092,19612,14737,15225,15883,10375,10862,5879,3855,5222,72618,37131,30237,28631,12104,13793,8828,5335,3084,2970
"2018","계","30~34세",86647,60075,66793,57851,40550,59013,39101,32560,28984,27697,21188,24997,18837,13985,16730,17559,10351,9369,5349,3479,4956,61086,35660,26010,30744,11391,12477,7193,4899,2824,2232
"2018","계","35~39세",105384,90732,78798,69755,48541,84119,44624,42391,40276,44266,27431,35654,22369,17180,23768,26327,14498,11434,7258,3936,6822,77896,57328,34438,39275,16313,17011,8626,6633,3486,2415
"2018","계","40~44세",98346,95043,74775,62814,51084,74597,42765,41401,39315,39660,26998,30358,21197,16808,20867,22241,14066,10980,7461,3926,7365,81726,60012,33693,37105,17552,15814,9655,6934,3745,2344
"2018","계","45~49세",111136,103466,90078,74250,66394,68294,53041,46563,44570,36812,30641,32547,25721,18281,19854,20875,16203,13780,9173,5584,9073,105537,65753,41868,42035,20743,19023,12939,8619,4730,3001
"2018","계","50~54세",100992,81044,79030,74538,65926,52208,51119,41338,42127,30727,26950,29534,23899,17134,16148,18640,14848,13877,9558,5354,9375,95484,56293,38985,34949,18025,18348,14518,8063,5307,3460
"2018","계","55~59세",92254,68387,77530,78974,58761,45838,51623,38270,36095,29759,26459,29919,24087,17086,14094,20194,15382,14500,10473,5005,11613,88588,52575,37965,32754,17662,17715,15720,8281,6459,4157
"2018","계","60~64세",63460,53095,61747,59749,37507,33396,39123,27732,22582,24338,22067,24451,17621,13393,9977,17390,12735,11091,9461,3843,11425,62398,42421,29678,25670,14838,13051,13145,6911,6346,4126
"2018","계","65~69세",38789,38635,39255,34767,20369,21284,23119,17639,12312,16181,13711,15395,10016,8532,6144,11396,8677,6377,6530,2328,8149,35879,28041,18697,16517,9440,7897,7529,4731,4164,2635
"2018","계","70~74세",29352,33702,30734,24060,14912,15846,16776,14208,9098,12627,9980,11128,7710,6652,4799,8145,6955,4604,5180,1819,6766,30659,22708,15954,14482,8251,6184,6481,4455,3582,2627
"2018","계","75~79세",23378,26400,23989,18556,12782,12366,13079,12617,7836,9748,7929,8242,6322,5961,3884,5223,6154,3719,4778,1579,5597,27946,18248,13337,13007,6651,4912,5791,4214,3311,2472
"2018","계","80~84세",14974,15552,14915,11698,8668,8377,8548,8522,4974,5951,4816,4738,4423,4098,2398,3051,4530,2515,3250,1087,3766,19143,10604,8211,8220,4138,2874,3937,2614,2197,1742
"2018","계","85~89세",7153,7259,7248,5824,4022,3891,4215,3642,2260,2772,2323,2193,2196,1862,900,1565,2107,1296,1510,584,1769,8939,4786,3482,3773,1794,1309,1716,1103,1037,763
"2018","계","90~94세",2627,2646,2754,2004,1445,1341,1438,1284,786,969,772,834,775,666,348,630,679,465,531,252,639,2955,1647,1204,1350,619,422,593,393,377,260
"2018","계","95~99세",728,705,794,543,353,317,352,360,209,231,206,229,212,158,74,206,173,122,138,68,161,774,464,334,367,182,137,192,112,94,76
"2018","계","100세 이상",255,167,411,218,103,98,153,211,77,53,132,84,58,59,42,93,44,48,42,45,55,277,183,194,173,46,65,67,73,40,36
"2019","계","0~4세",46728,44824,31551,27982,20361,48127,19477,21872,21573,23204,11091,17384,10130,8902,11077,13679,6325,6011,3314,1933,3174,37041,28310,15621,19753,8510,7305,4066,2827,1605,1423
"2019","계","5~9세",57577,60631,40454,34016,26078,57482,23290,26371,25227,28867,14633,18839,12472,11095,14186,15968,8615,7090,4402,2574,4446,47772,39267,19652,25597,11304,9040,5252,4095,2002,1516
"2019","계","10~14세",56983,60670,41827,33812,29034,49789,24967,25481,23847,23680,15368,16288,12754,10746,12667,12280,8716,6742,4556,2870,4780,49239,38366,19749,24162,11513,8703,5781,4203,2176,1464
"2019","계","15~19세",66907,62431,49432,40745,39098,42931,30805,27597,26111,21117,17695,17289,15315,11932,12315,11352,9549,8420,5396,3496,4978,59761,39459,24106,24458,12419,10413,7374,4802,2681,1865
"2019","계","20~24세",87558,67683,60804,56208,51902,43757,39108,32666,32392,22782,19999,20976,18124,13322,14010,14495,10972,11175,6236,4046,5295,73457,43026,30858,26214,13377,13575,9110,5701,3142,2504
"2019","계","25~29세",99053,64570,71583,63539,53217,53115,42252,36272,33635,24640,20951,22909,20090,15466,16411,17755,10484,11557,5831,3977,5161,76223,39702,31654,29063,12903,13930,8782,5500,3032,2964
"2019","계","30~34세",85427,61283,65460,55941,40411,63239,38365,34174,31515,27675,20060,24762,18647,14175,16858,19460,10013,10231,5133,3701,4742,64240,36237,26252,29999,11595,11862,7057,4605,2713,2081
"2019","계","35~39세",99691,88194,74108,65285,45451,86722,42297,42629,42309,43459,25167,35068,21230,16689,23245,27377,13619,11901,6876,4105,6476,77377,56019,33521,37820,16019,15716,7982,6028,3279,2255
"2019","계","40~44세",97379,95033,73342,61262,48159,81208,41181,42697,41132,41754,25591,31305,20676,16703,21423,24588,14011,11166,7334,3909,7259,81408,61268,33255,37110,17543,15420,9050,6643,3534,2196
"2019","계","45~49세",108594,105191,86968,71709,63128,73678,50782,47398,45266,38604,29419,33238,25084,18143,20590,22476,15901,13800,8834,5300,9069,104112,67600,41375,42024,21040,18183,12409,8296,4563,2885
"2019","계","50~54세",102598,86441,79762,73406,66196,58199,50639,43594,44439,32223,26989,30995,24193,17634,17359,19767,15389,14530,9664,5280,9444,98952,59185,40193,36407,18896,18228,14235,8171,5281,3319
"2019","계","55~59세",93332,71451,76646,77591,59943,49697,50589,39868,38595,30521,25584,30525,24123,17299,14852,20666,15443,15109,10539,4998,11574,92171,54574,38580,33215,17913,17677,15526,8146,6387,4086
"2019","계","60~64세",68991,57390,64980,64411,41502,38018,41649,30498,26238,26417,22608,26732,19288,14483,11129,18995,13639,12598,9900,4016,12028,69326,45810,31780,27555,15870,14054,14140,7407,6597,4276
"2019","계","65~69세",41459,41331,41534,37711,22192,23857,25085,19119,14031,17440,14520,16826,10924,9158,6807,12714,9393,7127,7122,2482,8936,39657,30534,20309,17469,10272,8529,8145,4938,4612,2814
"2019","계","70~74세",30847,35603,32051,25694,15732,17281,17512,14903,10017,13827,10351,12076,8068,6903,5179,8989,7110,5018,5325,1888,6907,31976,24055,16573,14997,8682,6378,6739,4532,3539,2680
"2019","계","75~79세",23747,27576,24276,18804,12787,12824,13234,12647,8010,10059,7827,8652,6468,5855,4110,5689,6100,3838,4747,1569,5728,28293,18807,13642,13089,6938,5021,5649,4192,3254,2408
"2019","계","80~84세",15905,17217,15817,12468,9248,9063,9087,9097,5521,6484,4998,5169,4641,4298,2592,3470,4787,2660,3401,1133,3937,20717,11723,8896,8911,4473,3125,4185,2852,2367,1850
"2019","계","85~89세",7776,8076,7773,6287,4416,4473,4587,4066,2580,3035,2487,2404,2457,2082,1089,1695,2377,1447,1689,607,1979,10013,5287,3936,4114,2057,1430,1922,1185,1112,810
"2019","계","90~94세",2904,3074,3100,2335,1584,1488,1598,1454,940,1110,845,884,888,710,347,729,736,550,587,279,711,3495,1910,1395,1521,720,457,696,460,391,309
"2019","계","95~99세",723,767,821,564,374,336,373,400,215,257,229,239,212,177,86,207,176,138,159,77,190,812,482,318,380,206,147,210,105,103,78
"2019","계","100세 이상",286,173,435,226,105,112,167,224,89,66,140,94,68,62,47,104,50,45,38,49,60,309,209,203,182,64,72,69,80,45,41
"2020","계","0~4세",41118,40998,28891,24837,19064,45396,16999,21672,21464,23727,9623,15889,8899,7949,9835,13270,5624,5888,3072,2245,2943,34478,26074,14656,18504,8398,6446,3624,2488,1444,1253
"2020","계","5~9세",55996,59773,39944,32387,25568,59089,22295,27481,26853,31526,13660,19301,11731,10874,13949,16924,8424,7274,4342,2930,4355,47644,38852,19797,25810,11542,8753,4955,3810,1900,1477
"2020","계","10~14세",57373,61820,42442,33516,28836,53715,24669,27000,25285,26365,14855,17054,12653,10880,13083,13735,8875,6968,4589,2957,4912,50063,39593,20101,25369,12034,8716,5630,4258,2150,1482
"2020","계","15~19세",60956,59345,45397,37060,35209,43034,27688,26214,24862,21358,15726,16565,14001,11351,11790,11404,9124,7628,5003,3362,4796,54945,37675,22438,23693,12023,9435,6613,4346,2484,1711
"2020","계","20~24세",85645,70071,59563,54014,51269,46676,36947,33625,33235,24406,18690,21328,17869,13604,14209,15407,11386,11223,6195,4301,5263,72571,43482,31098,26894,13908,13162,8978,5614,3132,2471
"2020","계","25~29세",100960,67691,72715,63394,55218,57862,40807,39805,36345,27632,19566,23892,20363,16501,17112,21000,11158,12309,5982,4431,5334,78354,41541,33473,29982,13541,14119,8863,5689,3080,2893
"2020","계","30~34세",84758,61674,65513,54637,41903,65336,36958,36969,34120,30412,18687,24220,18297,14274,16711,21783,10072,10845,5097,4186,4589,66256,36476,27286,29691,12148,11764,7028,4566,2689,2130
"2020","계","35~39세",93829,83629,71495,61397,43840,85845,39395,43728,43326,45980,22521,33624,19961,16252,22262,28326,13055,12077,6442,4601,6186,76525,52996,32861,37344,15900,14608,7548,5649,3053,2129
"2020","계","40~44세",97545,95873,74190,60959,47837,86924,40282,45350,44466,46910,24155,33260,20549,16967,22265,27529,14395,11497,7438,4359,7335,82392,62648,34272,38803,18076,15518,8691,6391,3503,2191
"2020","계","45~49세",105292,104142,82975,68192,60522,77135,47524,48450,46194,41522,27444,33563,23971,17723,20972,23894,15776,13119,8595,5167,8977,100008,67524,40522,42037,21368,17327,11781,7943,4407,2787
"2020","계","50~54세",103675,91402,81189,72701,66718,63252,49648,46075,46673,35092,25806,32645,24450,18039,18161,21204,16040,14642,9665,5694,9493,101615,61971,41440,38726,19851,18328,13893,8346,5198,3187
"2020","계","55~59세",92821,73670,74603,74895,61053,52195,47865,40838,40951,31793,23871,30889,23752,17207,15105,20864,15425,14813,10452,5399,11417,92889,55050,38947,34126,18238,17444,15283,8135,6166,3945
"2020","계","60~64세",74174,60992,67926,68442,46258,42609,43369,33614,30339,29123,22312,28745,20879,15633,12211,20539,14814,13232,10550,4605,12674,75766,48902,34450,29723,17087,14872,15073,7721,6847,4370
"2020","계","65~69세",46122,45272,45691,42172,25213,27389,27476,21595,16894,20308,15180,19402,12480,10314,7732,14566,10514,8187,8072,2919,10130,45558,34282,22834,19695,11773,9551,9320,5504,5261,3177
"2020","계","70~74세",32348,37004,33376,27532,16847,18755,18358,15775,11087,15075,10307,12974,8540,7223,5493,9961,7557,5304,5432,2104,7170,33550,25306,17359,15569,9055,6697,6817,4656,3576,2662
"2020","계","75~79세",24227,28620,24572,19106,12933,13360,13287,12779,8430,10709,7476,8995,6584,5842,4286,6217,6087,3793,4782,1618,5892,28385,19490,13954,13212,7232,5047,5648,4143,3257,2383
"2020","계","80~84세",16447,18621,16429,12925,9397,9490,9171,9445,5996,6921,4852,5628,4814,4401,2729,3750,4959,2712,3461,1208,4064,21829,12589,9583,9484,4761,3307,4332,3052,2394,1898
"2020","계","85~89세",8506,9185,8490,6875,4996,4991,4953,4651,2922,3522,2580,2711,2718,2341,1269,1957,2637,1514,1848,709,2204,11223,5981,4519,4684,2338,1582,2143,1335,1257,923
"2020","계","90~94세",3176,3351,3300,2501,1695,1693,1747,1587,1106,1246,912,1002,980,741,414,789,833,583,664,300,813,3955,2139,1542,1673,791,563,755,503,413,317
"2020","계","95~99세",794,838,868,591,407,386,410,421,251,270,233,262,222,209,95,209,201,139,164,83,199,877,527,345,402,230,133,221,119,116,83
"2020","계","100세 이상",316,205,495,250,132,116,179,233,96,73,143,105,78,63,42,124,56,48,52,53,64,333,223,233,196,65,82,78,85,50,47
"2021","계","0~4세",37367,36780,27075,22311,17445,42080,16172,21750,20316,21842,8847,14220,7666,7280,8486,13875,5176,5428,2740,2798,2746,31693,24725,13696,17507,7896,5639,3388,2205,1327,1108
"2021","계","5~9세",53670,57827,38598,30718,24331,59238,21648,28315,27261,31835,12973,19019,10968,10603,13196,18928,7947,7203,4105,3690,4328,46245,38802,19300,25925,11755,8307,4722,3625,1828,1433
"2021","계","10~14세",57197,62398,42426,33019,28484,56650,24443,28243,26079,28294,14531,17623,12314,11098,13280,16033,9045,6901,4687,3515,5002,50247,40915,20289,26474,12397,8510,5520,4219,2155,1482
"2021","계","15~19세",58172,58022,43128,34937,32753,44440,26392,25961,24137,21678,15002,16366,13137,11050,11624,12432,8672,7169,4718,3499,4718,52107,37378,21327,23792,11880,8801,6201,4173,2303,1566
"2021","계","20~24세",83180,69470,56877,50338,49835,48053,34963,34440,32326,24402,18002,20775,17109,13850,14019,16319,11508,10724,6057,4693,5187,69217,43461,30558,28033,14004,12198,8894,5428,3038,2360
"2021","계","25~29세",101078,68416,70643,61791,55495,61016,39910,43227,36638,28003,18781,24183,19727,17505,17131,21970,11603,11942,5899,5017,5402,77353,42875,33726,31429,13712,13717,9296,5625,3087,2754
"2021","계","30~34세",88923,62807,67081,55526,43610,68507,38850,41817,35628,31487,18957,24516,18654,14954,16898,24229,10581,11420,5192,5173,4712,69316,39166,28683,31499,12852,11860,7431,4782,2645,2143
"2021","계","35~39세",88282,77730,68083,56940,41606,82740,38484,44631,42209,43607,21017,31206,18448,15952,20451,29247,12210,11496,5937,5496,5989,73438,51260,31388,36944,15250,13258,7207,5227,2859,1956
"2021","계","40~44세",98635,96555,74697,61265,47623,92312,40869,49036,46970,50157,24007,34905,20205,17320,22943,31512,14907,11618,7410,5418,7568,83524,65736,35334,41279,18985,15263,8713,6294,3521,2178
"2021","계","45~49세",100589,100837,78379,63984,56268,79469,44792,48526,45541,42213,25807,33095,22381,17738,20971,25969,15277,12415,8303,5474,8743,93841,66492,38280,41695,20925,16043,11038,7521,4259,2549
"2021","계","50~54세",106249,97503,83732,73251,67300,69012,50260,49680,48338,37163,26179,34363,24768,18690,18997,24188,16645,14880,9799,6570,9886,105222,66422,42790,41999,20972,18236,14103,8441,5168,3164
"2021","계","55~59세",91238,74031,71621,71531,60826,53784,45794,41689,41707,32106,22778,30924,22715,16998,15052,21387,15345,14395,10288,6107,11050,91844,56031,38362,35147,18558,16653,15181,8011,5939,3782
"2021","계","60~64세",80059,64869,70517,71788,50784,47244,45319,36850,33965,30941,22967,30766,22147,17105,13346,22458,15989,14121,11161,5537,13524,81172,52250,36403,32438,18146,15643,16165,8115,7100,4432
"2021","계","65~69세",51270,49187,49862,46826,28439,31254,30199,24209,19507,22907,16458,21809,13867,11692,8673,16579,11756,9214,9051,3751,11373,51943,38650,25176,22520,13404,10391,10792,6024,5920,3577
"2021","계","70~74세",32370,36288,32954,28118,17186,19313,18539,16074,11552,15350,10265,13429,8533,7243,5587,10596,7707,5286,5511,2296,7201,32923,26017,17148,15469,9056,6477,6647,4494,3500,2516
"2021","계","75~79세",24456,29633,24672,19386,12998,13941,13467,12781,8602,11295,7360,9438,6585,5936,4367,6770,6133,3868,4652,1790,5999,28471,20051,14131,13368,7495,5071,5662,4029,3214,2307
"2021","계","80~84세",17483,20307,17160,13629,9832,10097,9561,9809,6432,7560,5118,6218,5065,4622,2956,4236,4990,2865,3735,1321,4234,22887,13794,10107,10237,5210,3525,4529,3255,2454,1977
"2021","계","85~89세",9318,10239,9083,7350,5546,5535,5186,5154,3259,3907,2698,3077,2949,2510,1429,2209,2879,1619,1973,794,2490,12551,6725,4948,5183,2699,1676,2391,1500,1401,1005
"2021","계","90~94세",3292,3610,3468,2660,1834,1871,1874,1636,1243,1397,918,1043,1030,809,456,888,912,619,727,313,860,4308,2377,1625,1835,901,535,811,482,416,330
"2021","계","95~99세",744,853,760,576,453,404,397,400,265,314,195,268,225,198,104,224,220,154,179,81,182,900,557,335,409,235,127,210,121,109,84
"2021","계","100세 이상",142,146,132,123,78,55,59,60,55,50,33,46,42,24,17,38,32,19,26,12,36,151,114,55,63,36,18,38,21,21,18
