"년도","월","자치구명","발생건수","사망자수","부상자수"
2011,1,"종로구",115,2,165
2011,2,"종로구",99,0,134
2011,3,"종로구",116,0,162
2011,4,"종로구",110,1,153
2011,5,"종로구",122,0,157
2011,6,"종로구",116,3,163
2011,7,"종로구",103,1,154
2011,8,"종로구",122,1,171
2011,9,"종로구",121,2,166
2011,10,"종로구",135,2,193
2011,11,"종로구",140,1,204
2011,12,"종로구",122,1,172
2011,1,"중구",108,0,159
2011,2,"중구",86,0,112
2011,3,"중구",141,0,183
2011,4,"중구",128,3,175
2011,5,"중구",121,1,165
2011,6,"중구",115,1,156
2011,7,"중구",119,1,154
2011,8,"중구",117,1,154
2011,9,"중구",140,1,181
2011,10,"중구",147,2,203
2011,11,"중구",132,3,172
2011,12,"중구",143,0,211
2011,1,"용산구",98,0,141
2011,2,"용산구",92,1,134
2011,3,"용산구",88,2,132
2011,4,"용산구",103,1,149
2011,5,"용산구",104,1,151
2011,6,"용산구",98,0,143
2011,7,"용산구",102,0,151
2011,8,"용산구",104,1,146
2011,9,"용산구",75,1,107
2011,10,"용산구",109,1,157
2011,11,"용산구",107,1,156
2011,12,"용산구",90,0,137
2011,1,"성동구",90,2,130
2011,2,"성동구",80,2,119
2011,3,"성동구",80,1,121
2011,4,"성동구",109,1,139
2011,5,"성동구",98,0,135
2011,6,"성동구",99,2,131
2011,7,"성동구",106,1,144
2011,8,"성동구",77,1,96
2011,9,"성동구",109,3,160
2011,10,"성동구",102,4,132
2011,11,"성동구",104,1,157
2011,12,"성동구",100,3,139
2011,1,"광진구",90,3,140
2011,2,"광진구",94,1,128
2011,3,"광진구",113,1,159
2011,4,"광진구",122,1,164
2011,5,"광진구",115,5,151
2011,6,"광진구",103,2,150
2011,7,"광진구",114,2,184
2011,8,"광진구",130,1,188
2011,9,"광진구",136,2,183
2011,10,"광진구",129,1,186
2011,11,"광진구",146,1,202
2011,12,"광진구",138,3,198
2011,1,"동대문구",129,0,180
2011,2,"동대문구",119,2,178
2011,3,"동대문구",120,1,161
2011,4,"동대문구",142,3,191
2011,5,"동대문구",158,1,257
2011,6,"동대문구",152,0,186
2011,7,"동대문구",172,1,214
2011,8,"동대문구",145,3,204
2011,9,"동대문구",157,0,213
2011,10,"동대문구",155,0,208
2011,11,"동대문구",163,2,221
2011,12,"동대문구",165,0,218
2011,1,"중랑구",134,0,165
2011,2,"중랑구",113,1,146
2011,3,"중랑구",137,0,195
2011,4,"중랑구",149,1,191
2011,5,"중랑구",167,2,223
2011,6,"중랑구",134,1,181
2011,7,"중랑구",159,4,213
2011,8,"중랑구",148,2,192
2011,9,"중랑구",174,0,239
2011,10,"중랑구",161,0,237
2011,11,"중랑구",167,0,224
2011,12,"중랑구",139,1,180
2011,1,"성북구",115,0,153
2011,2,"성북구",89,1,121
2011,3,"성북구",113,1,161
2011,4,"성북구",124,1,172
2011,5,"성북구",158,4,197
2011,6,"성북구",157,2,219
2011,7,"성북구",135,2,191
2011,8,"성북구",132,1,188
2011,9,"성북구",129,4,169
2011,10,"성북구",152,0,194
2011,11,"성북구",152,3,201
2011,12,"성북구",113,3,137
2011,1,"강북구",84,0,123
2011,2,"강북구",69,0,117
2011,3,"강북구",96,0,144
2011,4,"강북구",96,1,145
2011,5,"강북구",106,1,136
2011,6,"강북구",110,0,162
2011,7,"강북구",97,0,139
2011,8,"강북구",108,1,143
2011,9,"강북구",110,1,155
2011,10,"강북구",109,1,141
2011,11,"강북구",108,2,143
2011,12,"강북구",81,0,100
2011,1,"도봉구",74,0,119
2011,2,"도봉구",50,1,63
2011,3,"도봉구",71,2,105
2011,4,"도봉구",76,0,102
2011,5,"도봉구",74,3,92
2011,6,"도봉구",78,2,97
2011,7,"도봉구",95,0,149
2011,8,"도봉구",81,3,105
2011,9,"도봉구",81,1,102
2011,10,"도봉구",87,0,107
2011,11,"도봉구",86,1,113
2011,12,"도봉구",80,2,125
2011,1,"노원구",133,2,189
2011,2,"노원구",90,1,139
2011,3,"노원구",110,0,180
2011,4,"노원구",150,1,212
2011,5,"노원구",148,1,193
2011,6,"노원구",127,1,207
2011,7,"노원구",139,0,197
2011,8,"노원구",120,3,192
2011,9,"노원구",112,0,168
2011,10,"노원구",139,2,203
2011,11,"노원구",131,1,186
2011,12,"노원구",130,2,165
2011,1,"은평구",117,2,163
2011,2,"은평구",108,2,163
2011,3,"은평구",117,0,156
2011,4,"은평구",118,2,166
2011,5,"은평구",136,2,180
2011,6,"은평구",127,1,184
2011,7,"은평구",102,2,129
2011,8,"은평구",123,3,169
2011,9,"은평구",132,0,194
2011,10,"은평구",140,2,190
2011,11,"은평구",158,3,191
2011,12,"은평구",131,1,173
2011,1,"서대문구",103,3,174
2011,2,"서대문구",67,2,86
2011,3,"서대문구",85,0,119
2011,4,"서대문구",79,2,118
2011,5,"서대문구",90,0,127
2011,6,"서대문구",79,0,110
2011,7,"서대문구",99,1,139
2011,8,"서대문구",77,0,106
2011,9,"서대문구",88,1,114
2011,10,"서대문구",98,0,137
2011,11,"서대문구",86,3,119
2011,12,"서대문구",110,2,147
2011,1,"마포구",135,4,235
2011,2,"마포구",112,1,164
2011,3,"마포구",131,2,222
2011,4,"마포구",158,1,255
2011,5,"마포구",145,4,205
2011,6,"마포구",136,1,194
2011,7,"마포구",158,3,302
2011,8,"마포구",122,2,179
2011,9,"마포구",140,2,219
2011,10,"마포구",137,0,203
2011,11,"마포구",128,2,189
2011,12,"마포구",121,1,163
2011,1,"양천구",122,2,190
2011,2,"양천구",83,2,125
2011,3,"양천구",117,0,160
2011,4,"양천구",143,3,187
2011,5,"양천구",129,0,189
2011,6,"양천구",122,1,167
2011,7,"양천구",127,1,173
2011,8,"양천구",114,1,155
2011,9,"양천구",111,1,154
2011,10,"양천구",134,2,179
2011,11,"양천구",136,0,173
2011,12,"양천구",106,1,154
2011,1,"강서구",133,1,177
2011,2,"강서구",130,0,181
2011,3,"강서구",144,1,205
2011,4,"강서구",165,3,244
2011,5,"강서구",173,1,232
2011,6,"강서구",156,0,233
2011,7,"강서구",162,1,239
2011,8,"강서구",168,1,242
2011,9,"강서구",178,3,285
2011,10,"강서구",166,1,250
2011,11,"강서구",161,2,238
2011,12,"강서구",149,2,214
2011,1,"구로구",124,2,188
2011,2,"구로구",112,2,166
2011,3,"구로구",122,0,164
2011,4,"구로구",126,0,199
2011,5,"구로구",125,2,174
2011,6,"구로구",133,2,176
2011,7,"구로구",115,1,160
2011,8,"구로구",130,2,180
2011,9,"구로구",116,2,173
2011,10,"구로구",142,0,194
2011,11,"구로구",154,1,224
2011,12,"구로구",143,1,228
2011,1,"금천구",83,2,103
2011,2,"금천구",79,1,129
2011,3,"금천구",95,0,176
2011,4,"금천구",95,2,143
2011,5,"금천구",105,1,144
2011,6,"금천구",86,1,124
2011,7,"금천구",101,0,155
2011,8,"금천구",78,1,111
2011,9,"금천구",101,0,131
2011,10,"금천구",97,0,133
2011,11,"금천구",107,0,148
2011,12,"금천구",98,2,152
2011,1,"영등포구",181,1,268
2011,2,"영등포구",141,4,224
2011,3,"영등포구",176,2,238
2011,4,"영등포구",217,3,318
2011,5,"영등포구",233,1,324
2011,6,"영등포구",192,2,281
2011,7,"영등포구",200,2,269
2011,8,"영등포구",180,4,272
2011,9,"영등포구",182,2,263
2011,10,"영등포구",212,1,301
2011,11,"영등포구",194,2,291
2011,12,"영등포구",202,4,277
2011,1,"동작구",88,1,132
2011,2,"동작구",82,0,127
2011,3,"동작구",106,0,149
2011,4,"동작구",113,1,152
2011,5,"동작구",121,0,169
2011,6,"동작구",93,2,127
2011,7,"동작구",100,0,134
2011,8,"동작구",97,2,139
2011,9,"동작구",96,2,140
2011,10,"동작구",107,1,140
2011,11,"동작구",100,1,137
2011,12,"동작구",89,3,130
2011,1,"관악구",119,1,182
2011,2,"관악구",114,1,158
2011,3,"관악구",142,1,192
2011,4,"관악구",142,5,207
2011,5,"관악구",165,0,226
2011,6,"관악구",170,2,222
2011,7,"관악구",151,1,197
2011,8,"관악구",152,4,221
2011,9,"관악구",154,1,206
2011,10,"관악구",152,0,212
2011,11,"관악구",138,0,182
2011,12,"관악구",138,1,191
2011,1,"서초구",153,1,216
2011,2,"서초구",126,2,182
2011,3,"서초구",142,0,202
2011,4,"서초구",167,3,246
2011,5,"서초구",195,0,330
2011,6,"서초구",185,0,288
2011,7,"서초구",173,2,286
2011,8,"서초구",202,2,352
2011,9,"서초구",157,2,270
2011,10,"서초구",178,0,272
2011,11,"서초구",190,2,272
2011,12,"서초구",180,3,273
2011,1,"강남구",229,4,331
2011,2,"강남구",204,2,297
2011,3,"강남구",260,1,374
2011,4,"강남구",292,2,436
2011,5,"강남구",281,4,398
2011,6,"강남구",289,6,431
2011,7,"강남구",350,2,494
2011,8,"강남구",294,4,449
2011,9,"강남구",299,1,417
2011,10,"강남구",353,3,544
2011,11,"강남구",333,5,461
2011,12,"강남구",378,2,552
2011,1,"송파구",167,2,252
2011,2,"송파구",154,3,226
2011,3,"송파구",198,3,306
2011,4,"송파구",213,2,284
2011,5,"송파구",206,2,281
2011,6,"송파구",224,3,325
2011,7,"송파구",224,6,324
2011,8,"송파구",219,3,301
2011,9,"송파구",198,4,270
2011,10,"송파구",244,1,314
2011,11,"송파구",254,3,360
2011,12,"송파구",253,4,389
2011,1,"강동구",114,1,154
2011,2,"강동구",80,0,115
2011,3,"강동구",106,2,147
2011,4,"강동구",113,1,157
2011,5,"강동구",128,0,200
2011,6,"강동구",109,2,174
2011,7,"강동구",126,2,176
2011,8,"강동구",120,3,168
2011,9,"강동구",137,1,214
2011,10,"강동구",149,1,214
2011,11,"강동구",126,0,186
2011,12,"강동구",115,0,175
2012,1,"종로구",110,1,154
2012,2,"종로구",118,1,177
2012,3,"종로구",126,1,186
2012,4,"종로구",121,2,189
2012,5,"종로구",121,0,179
2012,6,"종로구",109,0,152
2012,7,"종로구",112,2,153
2012,8,"종로구",106,1,181
2012,9,"종로구",122,1,168
2012,10,"종로구",114,1,155
2012,11,"종로구",123,1,167
2012,12,"종로구",92,1,133
2012,1,"중구",83,3,140
2012,2,"중구",127,1,175
2012,3,"중구",126,0,175
2012,4,"중구",118,1,149
2012,5,"중구",116,0,157
2012,6,"중구",122,2,163
2012,7,"중구",144,1,194
2012,8,"중구",129,0,183
2012,9,"중구",132,2,189
2012,10,"중구",121,0,149
2012,11,"중구",123,2,180
2012,12,"중구",117,0,164
2012,1,"용산구",77,2,144
2012,2,"용산구",84,1,138
2012,3,"용산구",103,0,147
2012,4,"용산구",117,1,161
2012,5,"용산구",103,0,128
2012,6,"용산구",107,1,148
2012,7,"용산구",125,1,178
2012,8,"용산구",101,2,148
2012,9,"용산구",105,2,185
2012,10,"용산구",88,0,127
2012,11,"용산구",99,0,150
2012,12,"용산구",94,1,155
2012,1,"성동구",65,0,95
2012,2,"성동구",76,1,105
2012,3,"성동구",86,1,114
2012,4,"성동구",89,0,128
2012,5,"성동구",89,2,119
2012,6,"성동구",93,2,141
2012,7,"성동구",74,0,95
2012,8,"성동구",76,0,108
2012,9,"성동구",88,0,134
2012,10,"성동구",90,0,138
2012,11,"성동구",72,0,95
2012,12,"성동구",88,0,128
2012,1,"광진구",135,1,213
2012,2,"광진구",142,3,224
2012,3,"광진구",99,0,156
2012,4,"광진구",126,1,171
2012,5,"광진구",138,1,223
2012,6,"광진구",149,1,218
2012,7,"광진구",118,2,163
2012,8,"광진구",116,2,157
2012,9,"광진구",104,3,144
2012,10,"광진구",128,2,169
2012,11,"광진구",115,1,157
2012,12,"광진구",124,0,195
2012,1,"동대문구",155,1,203
2012,2,"동대문구",164,3,218
2012,3,"동대문구",137,1,179
2012,4,"동대문구",132,1,181
2012,5,"동대문구",144,0,186
2012,6,"동대문구",159,1,206
2012,7,"동대문구",181,4,229
2012,8,"동대문구",171,2,224
2012,9,"동대문구",157,2,229
2012,10,"동대문구",158,1,209
2012,11,"동대문구",176,3,241
2012,12,"동대문구",147,1,206
2012,1,"중랑구",120,1,168
2012,2,"중랑구",110,2,138
2012,3,"중랑구",168,4,237
2012,4,"중랑구",133,1,173
2012,5,"중랑구",178,2,225
2012,6,"중랑구",148,0,176
2012,7,"중랑구",165,0,233
2012,8,"중랑구",154,0,217
2012,9,"중랑구",124,0,169
2012,10,"중랑구",164,0,242
2012,11,"중랑구",156,0,224
2012,12,"중랑구",133,1,199
2012,1,"성북구",112,0,141
2012,2,"성북구",97,3,120
2012,3,"성북구",123,0,158
2012,4,"성북구",116,0,164
2012,5,"성북구",158,0,197
2012,6,"성북구",143,0,185
2012,7,"성북구",161,2,218
2012,8,"성북구",136,0,187
2012,9,"성북구",139,1,182
2012,10,"성북구",124,3,156
2012,11,"성북구",133,2,176
2012,12,"성북구",130,0,171
2012,1,"강북구",80,1,126
2012,2,"강북구",98,1,129
2012,3,"강북구",98,1,113
2012,4,"강북구",108,0,159
2012,5,"강북구",109,1,149
2012,6,"강북구",105,1,140
2012,7,"강북구",112,0,159
2012,8,"강북구",112,1,164
2012,9,"강북구",99,1,134
2012,10,"강북구",110,0,161
2012,11,"강북구",88,1,121
2012,12,"강북구",93,1,125
2012,1,"도봉구",59,1,74
2012,2,"도봉구",60,2,73
2012,3,"도봉구",91,1,126
2012,4,"도봉구",86,1,113
2012,5,"도봉구",80,0,110
2012,6,"도봉구",111,1,146
2012,7,"도봉구",84,0,109
2012,8,"도봉구",70,3,88
2012,9,"도봉구",88,4,117
2012,10,"도봉구",83,1,109
2012,11,"도봉구",96,1,117
2012,12,"도봉구",75,1,112
2012,1,"노원구",132,0,199
2012,2,"노원구",116,2,187
2012,3,"노원구",129,1,172
2012,4,"노원구",149,0,208
2012,5,"노원구",151,0,213
2012,6,"노원구",135,1,198
2012,7,"노원구",132,1,179
2012,8,"노원구",127,4,202
2012,9,"노원구",154,0,222
2012,10,"노원구",156,1,215
2012,11,"노원구",133,2,186
2012,12,"노원구",109,1,149
2012,1,"은평구",99,2,128
2012,2,"은평구",119,2,166
2012,3,"은평구",136,2,218
2012,4,"은평구",126,3,170
2012,5,"은평구",143,1,190
2012,6,"은평구",138,1,187
2012,7,"은평구",131,2,204
2012,8,"은평구",123,0,164
2012,9,"은평구",121,2,184
2012,10,"은평구",133,2,216
2012,11,"은평구",136,3,189
2012,12,"은평구",114,1,181
2012,1,"서대문구",64,1,95
2012,2,"서대문구",102,0,170
2012,3,"서대문구",84,1,127
2012,4,"서대문구",90,0,156
2012,5,"서대문구",96,3,139
2012,6,"서대문구",84,3,111
2012,7,"서대문구",84,0,141
2012,8,"서대문구",57,1,84
2012,9,"서대문구",93,1,151
2012,10,"서대문구",80,0,136
2012,11,"서대문구",107,2,176
2012,12,"서대문구",100,1,159
2012,1,"마포구",111,2,185
2012,2,"마포구",103,1,165
2012,3,"마포구",125,1,170
2012,4,"마포구",131,0,193
2012,5,"마포구",124,0,176
2012,6,"마포구",134,3,233
2012,7,"마포구",131,1,187
2012,8,"마포구",137,2,207
2012,9,"마포구",140,10,185
2012,10,"마포구",136,1,188
2012,11,"마포구",145,0,236
2012,12,"마포구",144,2,238
2012,1,"양천구",90,2,132
2012,2,"양천구",88,1,120
2012,3,"양천구",105,2,141
2012,4,"양천구",139,4,231
2012,5,"양천구",131,0,171
2012,6,"양천구",133,1,187
2012,7,"양천구",130,0,190
2012,8,"양천구",126,0,192
2012,9,"양천구",119,0,174
2012,10,"양천구",115,0,159
2012,11,"양천구",132,0,177
2012,12,"양천구",110,4,162
2012,1,"강서구",151,3,206
2012,2,"강서구",126,1,196
2012,3,"강서구",133,1,216
2012,4,"강서구",151,2,206
2012,5,"강서구",173,2,266
2012,6,"강서구",159,3,212
2012,7,"강서구",150,4,205
2012,8,"강서구",139,1,193
2012,9,"강서구",162,1,232
2012,10,"강서구",158,4,219
2012,11,"강서구",141,1,227
2012,12,"강서구",124,2,195
2012,1,"구로구",134,1,208
2012,2,"구로구",121,1,180
2012,3,"구로구",147,3,211
2012,4,"구로구",146,2,211
2012,5,"구로구",137,1,189
2012,6,"구로구",127,4,181
2012,7,"구로구",122,0,177
2012,8,"구로구",128,0,185
2012,9,"구로구",145,1,229
2012,10,"구로구",121,2,199
2012,11,"구로구",139,5,222
2012,12,"구로구",115,1,174
2012,1,"금천구",82,0,113
2012,2,"금천구",89,1,146
2012,3,"금천구",90,2,117
2012,4,"금천구",96,4,151
2012,5,"금천구",86,2,106
2012,6,"금천구",95,2,140
2012,7,"금천구",110,4,184
2012,8,"금천구",84,0,131
2012,9,"금천구",75,1,111
2012,10,"금천구",71,1,109
2012,11,"금천구",71,1,126
2012,12,"금천구",68,3,106
2012,1,"영등포구",159,2,240
2012,2,"영등포구",159,5,230
2012,3,"영등포구",182,3,232
2012,4,"영등포구",163,4,243
2012,5,"영등포구",184,4,268
2012,6,"영등포구",189,3,286
2012,7,"영등포구",189,2,268
2012,8,"영등포구",188,3,264
2012,9,"영등포구",180,2,261
2012,10,"영등포구",200,1,297
2012,11,"영등포구",202,1,312
2012,12,"영등포구",184,2,305
2012,1,"동작구",101,2,143
2012,2,"동작구",97,2,129
2012,3,"동작구",80,0,102
2012,4,"동작구",106,0,143
2012,5,"동작구",90,1,120
2012,6,"동작구",113,0,159
2012,7,"동작구",93,0,125
2012,8,"동작구",106,3,137
2012,9,"동작구",111,0,167
2012,10,"동작구",133,4,166
2012,11,"동작구",117,2,150
2012,12,"동작구",111,0,166
2012,1,"관악구",109,3,159
2012,2,"관악구",117,2,162
2012,3,"관악구",145,1,201
2012,4,"관악구",159,1,210
2012,5,"관악구",158,1,200
2012,6,"관악구",133,1,173
2012,7,"관악구",150,2,206
2012,8,"관악구",173,1,221
2012,9,"관악구",156,3,205
2012,10,"관악구",124,1,161
2012,11,"관악구",159,1,213
2012,12,"관악구",130,3,188
2012,1,"서초구",164,1,269
2012,2,"서초구",169,0,274
2012,3,"서초구",140,4,220
2012,4,"서초구",171,3,261
2012,5,"서초구",176,1,247
2012,6,"서초구",174,2,273
2012,7,"서초구",165,3,248
2012,8,"서초구",193,2,281
2012,9,"서초구",192,4,308
2012,10,"서초구",164,1,237
2012,11,"서초구",215,3,318
2012,12,"서초구",167,1,278
2012,1,"강남구",303,3,463
2012,2,"강남구",279,1,452
2012,3,"강남구",341,3,515
2012,4,"강남구",305,1,461
2012,5,"강남구",333,1,485
2012,6,"강남구",323,3,457
2012,7,"강남구",363,4,481
2012,8,"강남구",300,3,442
2012,9,"강남구",311,2,448
2012,10,"강남구",303,0,432
2012,11,"강남구",348,2,483
2012,12,"강남구",334,2,547
2012,1,"송파구",201,1,293
2012,2,"송파구",195,1,283
2012,3,"송파구",248,1,349
2012,4,"송파구",251,1,354
2012,5,"송파구",274,1,381
2012,6,"송파구",238,4,342
2012,7,"송파구",235,0,328
2012,8,"송파구",226,1,345
2012,9,"송파구",230,2,313
2012,10,"송파구",254,1,369
2012,11,"송파구",257,1,357
2012,12,"송파구",235,0,346
2012,1,"강동구",94,1,124
2012,2,"강동구",113,2,159
2012,3,"강동구",114,0,157
2012,4,"강동구",122,1,174
2012,5,"강동구",113,2,165
2012,6,"강동구",134,2,170
2012,7,"강동구",120,3,170
2012,8,"강동구",127,3,193
2012,9,"강동구",133,1,186
2012,10,"강동구",128,1,156
2012,11,"강동구",138,1,204
2012,12,"강동구",122,1,171
2013,1,"종로구",109,3,154
2013,2,"종로구",90,1,130
2013,3,"종로구",122,1,173
2013,4,"종로구",118,0,169
2013,5,"종로구",102,1,153
2013,6,"종로구",127,0,175
2013,7,"종로구",96,1,144
2013,8,"종로구",81,1,107
2013,9,"종로구",90,2,113
2013,10,"종로구",108,2,141
2013,11,"종로구",125,0,168
2013,12,"종로구",106,1,143
2013,1,"중구",103,0,154
2013,2,"중구",97,0,132
2013,3,"중구",138,0,188
2013,4,"중구",121,0,170
2013,5,"중구",136,0,187
2013,6,"중구",120,3,179
2013,7,"중구",137,0,184
2013,8,"중구",119,0,174
2013,9,"중구",109,1,153
2013,10,"중구",139,1,168
2013,11,"중구",122,2,157
2013,12,"중구",101,3,129
2013,1,"용산구",100,0,160
2013,2,"용산구",98,0,126
2013,3,"용산구",136,2,190
2013,4,"용산구",104,3,169
2013,5,"용산구",129,1,180
2013,6,"용산구",118,1,170
2013,7,"용산구",119,3,173
2013,8,"용산구",121,1,166
2013,9,"용산구",114,0,163
2013,10,"용산구",115,1,181
2013,11,"용산구",124,0,185
2013,12,"용산구",113,1,160
2013,1,"성동구",70,0,89
2013,2,"성동구",64,1,88
2013,3,"성동구",104,2,129
2013,4,"성동구",96,0,142
2013,5,"성동구",107,0,156
2013,6,"성동구",96,0,140
2013,7,"성동구",80,1,99
2013,8,"성동구",91,0,109
2013,9,"성동구",93,2,124
2013,10,"성동구",114,2,138
2013,11,"성동구",111,0,129
2013,12,"성동구",74,0,115
2013,1,"광진구",88,0,186
2013,2,"광진구",71,1,107
2013,3,"광진구",100,1,155
2013,4,"광진구",106,1,150
2013,5,"광진구",144,0,180
2013,6,"광진구",124,0,166
2013,7,"광진구",103,0,157
2013,8,"광진구",122,0,164
2013,9,"광진구",116,0,171
2013,10,"광진구",121,1,157
2013,11,"광진구",97,3,151
2013,12,"광진구",111,3,172
2013,1,"동대문구",130,2,150
2013,2,"동대문구",111,1,141
2013,3,"동대문구",159,0,203
2013,4,"동대문구",190,0,262
2013,5,"동대문구",189,1,253
2013,6,"동대문구",170,3,223
2013,7,"동대문구",152,3,205
2013,8,"동대문구",166,2,202
2013,9,"동대문구",183,1,229
2013,10,"동대문구",189,2,231
2013,11,"동대문구",177,1,229
2013,12,"동대문구",154,0,196
2013,1,"중랑구",119,0,176
2013,2,"중랑구",130,0,177
2013,3,"중랑구",138,1,181
2013,4,"중랑구",150,0,195
2013,5,"중랑구",138,0,197
2013,6,"중랑구",140,3,193
2013,7,"중랑구",137,1,201
2013,8,"중랑구",145,1,191
2013,9,"중랑구",173,0,232
2013,10,"중랑구",153,0,212
2013,11,"중랑구",153,2,202
2013,12,"중랑구",140,1,212
2013,1,"성북구",112,2,155
2013,2,"성북구",103,0,159
2013,3,"성북구",134,2,186
2013,4,"성북구",97,0,139
2013,5,"성북구",150,0,207
2013,6,"성북구",130,1,180
2013,7,"성북구",137,1,187
2013,8,"성북구",126,0,174
2013,9,"성북구",122,1,178
2013,10,"성북구",151,1,200
2013,11,"성북구",153,1,235
2013,12,"성북구",121,0,149
2013,1,"강북구",76,0,111
2013,2,"강북구",70,0,98
2013,3,"강북구",85,0,113
2013,4,"강북구",85,0,116
2013,5,"강북구",97,1,135
2013,6,"강북구",103,2,126
2013,7,"강북구",99,1,138
2013,8,"강북구",113,1,155
2013,9,"강북구",100,1,127
2013,10,"강북구",100,0,139
2013,11,"강북구",82,0,127
2013,12,"강북구",97,4,140
2013,1,"도봉구",75,1,93
2013,2,"도봉구",63,0,98
2013,3,"도봉구",75,0,109
2013,4,"도봉구",74,0,101
2013,5,"도봉구",79,0,112
2013,6,"도봉구",92,2,123
2013,7,"도봉구",82,0,123
2013,8,"도봉구",77,0,100
2013,9,"도봉구",72,1,85
2013,10,"도봉구",93,2,128
2013,11,"도봉구",72,0,86
2013,12,"도봉구",80,2,101
2013,1,"노원구",105,1,161
2013,2,"노원구",100,1,160
2013,3,"노원구",114,1,160
2013,4,"노원구",121,1,173
2013,5,"노원구",136,1,206
2013,6,"노원구",139,1,223
2013,7,"노원구",118,0,181
2013,8,"노원구",117,1,142
2013,9,"노원구",134,1,177
2013,10,"노원구",151,1,186
2013,11,"노원구",142,3,195
2013,12,"노원구",145,1,211
2013,1,"은평구",93,0,128
2013,2,"은평구",89,1,123
2013,3,"은평구",119,2,175
2013,4,"은평구",133,0,175
2013,5,"은평구",131,1,186
2013,6,"은평구",117,0,158
2013,7,"은평구",91,0,133
2013,8,"은평구",105,0,133
2013,9,"은평구",87,0,123
2013,10,"은평구",104,3,130
2013,11,"은평구",119,2,154
2013,12,"은평구",82,1,98
2013,1,"서대문구",96,1,145
2013,2,"서대문구",76,0,106
2013,3,"서대문구",86,2,135
2013,4,"서대문구",82,2,114
2013,5,"서대문구",91,0,154
2013,6,"서대문구",93,1,145
2013,7,"서대문구",88,1,132
2013,8,"서대문구",86,0,120
2013,9,"서대문구",96,3,135
2013,10,"서대문구",82,1,107
2013,11,"서대문구",106,1,146
2013,12,"서대문구",99,2,139
2013,1,"마포구",117,4,192
2013,2,"마포구",110,4,159
2013,3,"마포구",153,3,218
2013,4,"마포구",158,1,311
2013,5,"마포구",175,2,248
2013,6,"마포구",140,0,193
2013,7,"마포구",136,2,216
2013,8,"마포구",159,0,283
2013,9,"마포구",156,1,216
2013,10,"마포구",158,3,278
2013,11,"마포구",155,1,228
2013,12,"마포구",130,2,190
2013,1,"양천구",95,0,137
2013,2,"양천구",79,0,112
2013,3,"양천구",109,1,159
2013,4,"양천구",114,1,177
2013,5,"양천구",126,2,157
2013,6,"양천구",121,0,166
2013,7,"양천구",123,2,188
2013,8,"양천구",112,0,175
2013,9,"양천구",123,4,153
2013,10,"양천구",117,2,171
2013,11,"양천구",128,1,191
2013,12,"양천구",93,1,119
2013,1,"강서구",129,2,182
2013,2,"강서구",104,3,161
2013,3,"강서구",152,3,193
2013,4,"강서구",153,3,232
2013,5,"강서구",149,1,208
2013,6,"강서구",157,4,237
2013,7,"강서구",151,2,238
2013,8,"강서구",155,2,246
2013,9,"강서구",146,1,214
2013,10,"강서구",168,2,233
2013,11,"강서구",127,2,168
2013,12,"강서구",124,1,205
2013,1,"구로구",117,0,193
2013,2,"구로구",83,0,121
2013,3,"구로구",97,1,152
2013,4,"구로구",127,4,215
2013,5,"구로구",117,3,184
2013,6,"구로구",130,1,202
2013,7,"구로구",131,1,190
2013,8,"구로구",97,3,142
2013,9,"구로구",146,2,208
2013,10,"구로구",139,1,228
2013,11,"구로구",120,0,161
2013,12,"구로구",111,3,169
2013,1,"금천구",93,0,145
2013,2,"금천구",52,1,74
2013,3,"금천구",75,3,127
2013,4,"금천구",84,0,115
2013,5,"금천구",86,2,113
2013,6,"금천구",91,0,143
2013,7,"금천구",73,2,137
2013,8,"금천구",79,1,108
2013,9,"금천구",83,0,127
2013,10,"금천구",85,0,125
2013,11,"금천구",71,0,90
2013,12,"금천구",67,1,115
2013,1,"영등포구",157,2,223
2013,2,"영등포구",144,2,225
2013,3,"영등포구",180,3,266
2013,4,"영등포구",193,1,260
2013,5,"영등포구",194,1,258
2013,6,"영등포구",191,4,260
2013,7,"영등포구",174,1,258
2013,8,"영등포구",177,2,258
2013,9,"영등포구",187,4,244
2013,10,"영등포구",182,3,271
2013,11,"영등포구",191,3,297
2013,12,"영등포구",187,3,308
2013,1,"동작구",94,0,175
2013,2,"동작구",82,0,132
2013,3,"동작구",87,0,110
2013,4,"동작구",108,1,158
2013,5,"동작구",111,0,171
2013,6,"동작구",130,0,186
2013,7,"동작구",117,0,175
2013,8,"동작구",111,0,163
2013,9,"동작구",94,1,128
2013,10,"동작구",88,2,142
2013,11,"동작구",107,4,151
2013,12,"동작구",104,3,157
2013,1,"관악구",139,0,202
2013,2,"관악구",108,0,154
2013,3,"관악구",151,4,214
2013,4,"관악구",156,2,260
2013,5,"관악구",178,3,227
2013,6,"관악구",181,1,259
2013,7,"관악구",134,0,185
2013,8,"관악구",152,1,191
2013,9,"관악구",119,3,158
2013,10,"관악구",149,2,223
2013,11,"관악구",147,1,207
2013,12,"관악구",139,3,202
2013,1,"서초구",186,0,326
2013,2,"서초구",134,1,212
2013,3,"서초구",173,1,259
2013,4,"서초구",179,2,282
2013,5,"서초구",198,2,332
2013,6,"서초구",170,2,268
2013,7,"서초구",177,2,268
2013,8,"서초구",176,0,270
2013,9,"서초구",178,3,266
2013,10,"서초구",169,1,326
2013,11,"서초구",161,4,262
2013,12,"서초구",154,1,233
2013,1,"강남구",287,2,444
2013,2,"강남구",267,1,437
2013,3,"강남구",304,3,459
2013,4,"강남구",309,5,474
2013,5,"강남구",307,3,456
2013,6,"강남구",287,1,406
2013,7,"강남구",331,1,502
2013,8,"강남구",294,5,414
2013,9,"강남구",256,0,370
2013,10,"강남구",316,4,439
2013,11,"강남구",337,3,452
2013,12,"강남구",315,3,473
2013,1,"송파구",211,3,306
2013,2,"송파구",136,0,236
2013,3,"송파구",204,2,306
2013,4,"송파구",200,1,291
2013,5,"송파구",243,3,372
2013,6,"송파구",231,3,321
2013,7,"송파구",207,5,305
2013,8,"송파구",186,2,268
2013,9,"송파구",189,0,253
2013,10,"송파구",266,1,339
2013,11,"송파구",227,0,308
2013,12,"송파구",173,1,251
2013,1,"강동구",104,2,156
2013,2,"강동구",101,1,172
2013,3,"강동구",116,2,148
2013,4,"강동구",103,0,129
2013,5,"강동구",130,1,192
2013,6,"강동구",142,2,198
2013,7,"강동구",111,2,151
2013,8,"강동구",107,1,161
2013,9,"강동구",99,0,136
2013,10,"강동구",129,0,188
2013,11,"강동구",118,1,157
2013,12,"강동구",96,0,154
2014,1,"종로구",78,0,105
2014,2,"종로구",70,1,94
2014,3,"종로구",102,1,135
2014,4,"종로구",108,1,145
2014,5,"종로구",128,1,165
2014,6,"종로구",126,1,188
2014,7,"종로구",112,1,143
2014,8,"종로구",119,2,150
2014,9,"종로구",103,0,134
2014,10,"종로구",112,2,156
2014,11,"종로구",135,0,185
2014,12,"종로구",121,1,190
2014,1,"중구",93,0,121
2014,2,"중구",74,2,100
2014,3,"중구",126,0,163
2014,4,"중구",95,0,123
2014,5,"중구",112,2,147
2014,6,"중구",107,0,146
2014,7,"중구",119,0,162
2014,8,"중구",115,0,167
2014,9,"중구",112,1,160
2014,10,"중구",124,1,171
2014,11,"중구",109,0,156
2014,12,"중구",119,1,169
2014,1,"용산구",86,1,115
2014,2,"용산구",91,1,123
2014,3,"용산구",108,0,163
2014,4,"용산구",90,0,148
2014,5,"용산구",103,1,153
2014,6,"용산구",132,1,210
2014,7,"용산구",130,3,188
2014,8,"용산구",113,1,158
2014,9,"용산구",113,0,161
2014,10,"용산구",145,0,202
2014,11,"용산구",110,0,161
2014,12,"용산구",129,0,189
2014,1,"성동구",73,3,106
2014,2,"성동구",61,1,97
2014,3,"성동구",94,1,131
2014,4,"성동구",90,1,133
2014,5,"성동구",102,1,139
2014,6,"성동구",98,0,148
2014,7,"성동구",109,1,151
2014,8,"성동구",108,0,152
2014,9,"성동구",110,0,166
2014,10,"성동구",102,1,146
2014,11,"성동구",115,0,166
2014,12,"성동구",127,2,177
2014,1,"광진구",114,1,159
2014,2,"광진구",85,1,113
2014,3,"광진구",122,1,155
2014,4,"광진구",118,0,176
2014,5,"광진구",131,1,175
2014,6,"광진구",130,1,194
2014,7,"광진구",141,0,207
2014,8,"광진구",139,1,202
2014,9,"광진구",142,2,222
2014,10,"광진구",127,2,161
2014,11,"광진구",110,2,153
2014,12,"광진구",121,0,164
2014,1,"동대문구",138,2,203
2014,2,"동대문구",126,0,149
2014,3,"동대문구",145,1,189
2014,4,"동대문구",150,5,191
2014,5,"동대문구",154,2,206
2014,6,"동대문구",164,5,191
2014,7,"동대문구",163,2,204
2014,8,"동대문구",160,1,222
2014,9,"동대문구",147,2,197
2014,10,"동대문구",166,1,206
2014,11,"동대문구",170,3,215
2014,12,"동대문구",165,3,234
2014,1,"중랑구",118,1,173
2014,2,"중랑구",86,1,112
2014,3,"중랑구",122,0,152
2014,4,"중랑구",127,1,168
2014,5,"중랑구",144,1,176
2014,6,"중랑구",142,1,192
2014,7,"중랑구",145,0,185
2014,8,"중랑구",122,1,170
2014,9,"중랑구",164,0,221
2014,10,"중랑구",152,3,209
2014,11,"중랑구",149,0,214
2014,12,"중랑구",151,2,208
2014,1,"성북구",101,1,138
2014,2,"성북구",127,2,169
2014,3,"성북구",132,0,175
2014,4,"성북구",128,2,161
2014,5,"성북구",177,2,232
2014,6,"성북구",128,3,161
2014,7,"성북구",144,0,196
2014,8,"성북구",136,0,169
2014,9,"성북구",149,2,186
2014,10,"성북구",159,2,228
2014,11,"성북구",139,2,184
2014,12,"성북구",144,1,228
2014,1,"강북구",75,0,117
2014,2,"강북구",71,1,97
2014,3,"강북구",111,1,152
2014,4,"강북구",111,0,159
2014,5,"강북구",103,0,137
2014,6,"강북구",113,2,159
2014,7,"강북구",126,2,144
2014,8,"강북구",123,1,171
2014,9,"강북구",96,2,142
2014,10,"강북구",129,0,164
2014,11,"강북구",132,1,163
2014,12,"강북구",123,2,168
2014,1,"도봉구",60,1,83
2014,2,"도봉구",45,3,55
2014,3,"도봉구",78,0,107
2014,4,"도봉구",64,1,79
2014,5,"도봉구",88,1,129
2014,6,"도봉구",86,0,106
2014,7,"도봉구",106,2,137
2014,8,"도봉구",86,2,117
2014,9,"도봉구",82,2,120
2014,10,"도봉구",77,0,98
2014,11,"도봉구",68,1,78
2014,12,"도봉구",79,1,96
2014,1,"노원구",104,1,151
2014,2,"노원구",93,1,124
2014,3,"노원구",129,2,170
2014,4,"노원구",144,3,202
2014,5,"노원구",129,1,170
2014,6,"노원구",132,2,173
2014,7,"노원구",128,1,160
2014,8,"노원구",131,2,185
2014,9,"노원구",124,0,158
2014,10,"노원구",137,1,188
2014,11,"노원구",135,0,185
2014,12,"노원구",130,3,172
2014,1,"은평구",63,0,94
2014,2,"은평구",90,0,118
2014,3,"은평구",96,1,134
2014,4,"은평구",100,1,138
2014,5,"은평구",123,3,194
2014,6,"은평구",119,2,185
2014,7,"은평구",133,0,168
2014,8,"은평구",115,1,155
2014,9,"은평구",111,0,148
2014,10,"은평구",131,0,210
2014,11,"은평구",134,1,193
2014,12,"은평구",110,2,152
2014,1,"서대문구",90,0,127
2014,2,"서대문구",76,2,107
2014,3,"서대문구",105,0,164
2014,4,"서대문구",96,2,140
2014,5,"서대문구",92,2,132
2014,6,"서대문구",103,0,130
2014,7,"서대문구",81,1,112
2014,8,"서대문구",74,0,99
2014,9,"서대문구",88,2,120
2014,10,"서대문구",102,2,170
2014,11,"서대문구",108,3,128
2014,12,"서대문구",107,2,161
2014,1,"마포구",115,2,179
2014,2,"마포구",105,2,156
2014,3,"마포구",136,1,193
2014,4,"마포구",134,3,197
2014,5,"마포구",154,2,228
2014,6,"마포구",174,0,260
2014,7,"마포구",168,2,253
2014,8,"마포구",141,1,224
2014,9,"마포구",146,3,234
2014,10,"마포구",166,1,241
2014,11,"마포구",148,1,209
2014,12,"마포구",172,2,259
2014,1,"양천구",102,1,127
2014,2,"양천구",84,0,132
2014,3,"양천구",122,0,173
2014,4,"양천구",136,1,165
2014,5,"양천구",126,0,177
2014,6,"양천구",134,1,188
2014,7,"양천구",137,0,208
2014,8,"양천구",130,0,188
2014,9,"양천구",149,2,180
2014,10,"양천구",123,3,176
2014,11,"양천구",118,2,153
2014,12,"양천구",105,3,133
2014,1,"강서구",104,0,155
2014,2,"강서구",120,0,168
2014,3,"강서구",173,5,237
2014,4,"강서구",120,3,168
2014,5,"강서구",170,6,275
2014,6,"강서구",161,2,247
2014,7,"강서구",162,1,230
2014,8,"강서구",160,3,219
2014,9,"강서구",145,3,218
2014,10,"강서구",161,3,234
2014,11,"강서구",175,2,259
2014,12,"강서구",155,4,204
2014,1,"구로구",114,4,172
2014,2,"구로구",100,2,143
2014,3,"구로구",112,0,168
2014,4,"구로구",127,2,164
2014,5,"구로구",153,2,214
2014,6,"구로구",139,1,193
2014,7,"구로구",141,2,197
2014,8,"구로구",142,2,200
2014,9,"구로구",136,2,194
2014,10,"구로구",153,1,201
2014,11,"구로구",122,1,165
2014,12,"구로구",127,0,194
2014,1,"금천구",60,1,90
2014,2,"금천구",55,0,76
2014,3,"금천구",76,1,104
2014,4,"금천구",100,2,150
2014,5,"금천구",103,1,145
2014,6,"금천구",78,0,119
2014,7,"금천구",115,4,167
2014,8,"금천구",75,0,117
2014,9,"금천구",93,0,120
2014,10,"금천구",107,4,191
2014,11,"금천구",87,0,138
2014,12,"금천구",80,0,118
2014,1,"영등포구",154,3,225
2014,2,"영등포구",130,3,187
2014,3,"영등포구",194,4,309
2014,4,"영등포구",185,2,240
2014,5,"영등포구",220,1,305
2014,6,"영등포구",168,2,236
2014,7,"영등포구",191,1,293
2014,8,"영등포구",199,2,295
2014,9,"영등포구",192,1,269
2014,10,"영등포구",200,3,263
2014,11,"영등포구",196,3,269
2014,12,"영등포구",164,1,237
2014,1,"동작구",82,0,114
2014,2,"동작구",84,1,108
2014,3,"동작구",129,1,162
2014,4,"동작구",132,1,176
2014,5,"동작구",150,0,211
2014,6,"동작구",126,1,197
2014,7,"동작구",112,2,147
2014,8,"동작구",93,1,136
2014,9,"동작구",120,2,149
2014,10,"동작구",113,2,156
2014,11,"동작구",129,0,178
2014,12,"동작구",129,2,167
2014,1,"관악구",115,2,178
2014,2,"관악구",128,1,188
2014,3,"관악구",129,2,176
2014,4,"관악구",152,3,196
2014,5,"관악구",126,3,163
2014,6,"관악구",144,0,208
2014,7,"관악구",145,2,176
2014,8,"관악구",186,2,240
2014,9,"관악구",138,2,167
2014,10,"관악구",147,2,204
2014,11,"관악구",157,1,217
2014,12,"관악구",149,2,204
2014,1,"서초구",133,1,198
2014,2,"서초구",147,0,233
2014,3,"서초구",176,0,262
2014,4,"서초구",196,2,303
2014,5,"서초구",191,3,288
2014,6,"서초구",193,0,339
2014,7,"서초구",204,2,314
2014,8,"서초구",207,0,297
2014,9,"서초구",181,1,273
2014,10,"서초구",203,3,367
2014,11,"서초구",200,1,299
2014,12,"서초구",186,0,273
2014,1,"강남구",270,0,360
2014,2,"강남구",264,0,393
2014,3,"강남구",300,4,404
2014,4,"강남구",292,1,405
2014,5,"강남구",298,2,426
2014,6,"강남구",323,3,487
2014,7,"강남구",326,1,464
2014,8,"강남구",278,1,429
2014,9,"강남구",297,2,424
2014,10,"강남구",309,2,465
2014,11,"강남구",334,1,498
2014,12,"강남구",333,0,514
2014,1,"송파구",155,3,227
2014,2,"송파구",153,1,223
2014,3,"송파구",195,5,272
2014,4,"송파구",213,1,289
2014,5,"송파구",235,4,327
2014,6,"송파구",227,4,308
2014,7,"송파구",264,1,356
2014,8,"송파구",256,2,357
2014,9,"송파구",229,1,307
2014,10,"송파구",230,0,301
2014,11,"송파구",223,2,315
2014,12,"송파구",228,0,353
2014,1,"강동구",90,2,163
2014,2,"강동구",101,1,159
2014,3,"강동구",123,1,174
2014,4,"강동구",108,1,167
2014,5,"강동구",116,0,152
2014,6,"강동구",129,1,159
2014,7,"강동구",150,1,196
2014,8,"강동구",136,1,177
2014,9,"강동구",115,3,157
2014,10,"강동구",123,1,152
2014,11,"강동구",153,1,210
2014,12,"강동구",98,1,148
2015,1,"종로구",88,0,119
2015,2,"종로구",82,1,114
2015,3,"종로구",121,0,181
2015,4,"종로구",136,0,188
2015,5,"종로구",137,0,192
2015,6,"종로구",100,0,149
2015,7,"종로구",111,2,154
2015,8,"종로구",113,1,148
2015,9,"종로구",141,1,173
2015,10,"종로구",137,0,179
2015,11,"종로구",127,1,169
2015,12,"종로구",121,2,167
2015,1,"중구",86,1,127
2015,2,"중구",78,0,105
2015,3,"중구",113,0,153
2015,4,"중구",125,0,183
2015,5,"중구",128,0,170
2015,6,"중구",99,0,144
2015,7,"중구",106,0,141
2015,8,"중구",116,1,144
2015,9,"중구",107,1,151
2015,10,"중구",130,2,162
2015,11,"중구",139,0,180
2015,12,"중구",111,3,143
2015,1,"용산구",118,2,176
2015,2,"용산구",102,1,145
2015,3,"용산구",135,2,179
2015,4,"용산구",111,1,144
2015,5,"용산구",137,1,187
2015,6,"용산구",121,1,169
2015,7,"용산구",127,2,162
2015,8,"용산구",117,1,162
2015,9,"용산구",157,3,212
2015,10,"용산구",137,2,195
2015,11,"용산구",141,0,217
2015,12,"용산구",113,2,162
2015,1,"성동구",87,1,114
2015,2,"성동구",80,1,108
2015,3,"성동구",94,1,142
2015,4,"성동구",104,0,146
2015,5,"성동구",110,0,136
2015,6,"성동구",86,0,107
2015,7,"성동구",113,1,156
2015,8,"성동구",113,3,156
2015,9,"성동구",136,0,205
2015,10,"성동구",105,0,159
2015,11,"성동구",106,0,148
2015,12,"성동구",93,1,148
2015,1,"광진구",79,1,128
2015,2,"광진구",69,1,110
2015,3,"광진구",83,0,119
2015,4,"광진구",109,1,159
2015,5,"광진구",111,3,155
2015,6,"광진구",99,1,140
2015,7,"광진구",116,3,164
2015,8,"광진구",111,1,141
2015,9,"광진구",139,2,188
2015,10,"광진구",129,0,186
2015,11,"광진구",106,4,139
2015,12,"광진구",84,0,115
2015,1,"동대문구",137,3,172
2015,2,"동대문구",123,2,177
2015,3,"동대문구",187,1,249
2015,4,"동대문구",174,2,235
2015,5,"동대문구",190,0,247
2015,6,"동대문구",156,1,199
2015,7,"동대문구",185,1,254
2015,8,"동대문구",163,0,203
2015,9,"동대문구",175,0,237
2015,10,"동대문구",181,1,242
2015,11,"동대문구",202,3,251
2015,12,"동대문구",212,2,265
2015,1,"중랑구",124,0,189
2015,2,"중랑구",103,0,160
2015,3,"중랑구",143,1,179
2015,4,"중랑구",143,0,188
2015,5,"중랑구",160,3,217
2015,6,"중랑구",160,2,213
2015,7,"중랑구",128,1,158
2015,8,"중랑구",136,1,175
2015,9,"중랑구",150,3,191
2015,10,"중랑구",148,2,176
2015,11,"중랑구",164,2,216
2015,12,"중랑구",163,1,207
2015,1,"성북구",100,4,144
2015,2,"성북구",106,1,141
2015,3,"성북구",154,0,199
2015,4,"성북구",120,0,167
2015,5,"성북구",160,5,231
2015,6,"성북구",131,1,184
2015,7,"성북구",143,2,186
2015,8,"성북구",139,0,181
2015,9,"성북구",166,2,230
2015,10,"성북구",163,0,218
2015,11,"성북구",162,1,217
2015,12,"성북구",136,3,188
2015,1,"강북구",80,1,106
2015,2,"강북구",70,3,117
2015,3,"강북구",101,4,130
2015,4,"강북구",105,1,143
2015,5,"강북구",102,0,137
2015,6,"강북구",132,1,169
2015,7,"강북구",103,1,144
2015,8,"강북구",104,0,140
2015,9,"강북구",120,2,144
2015,10,"강북구",113,2,154
2015,11,"강북구",119,0,148
2015,12,"강북구",116,1,152
2015,1,"도봉구",63,0,101
2015,2,"도봉구",62,1,84
2015,3,"도봉구",61,0,92
2015,4,"도봉구",89,1,130
2015,5,"도봉구",69,1,90
2015,6,"도봉구",81,3,100
2015,7,"도봉구",78,0,105
2015,8,"도봉구",74,0,97
2015,9,"도봉구",69,1,90
2015,10,"도봉구",96,0,128
2015,11,"도봉구",80,0,115
2015,12,"도봉구",92,1,123
2015,1,"노원구",116,0,165
2015,2,"노원구",107,2,169
2015,3,"노원구",122,1,167
2015,4,"노원구",122,1,161
2015,5,"노원구",147,3,218
2015,6,"노원구",100,0,156
2015,7,"노원구",117,0,168
2015,8,"노원구",127,0,202
2015,9,"노원구",144,2,196
2015,10,"노원구",105,3,147
2015,11,"노원구",141,3,186
2015,12,"노원구",111,0,163
2015,1,"은평구",79,1,130
2015,2,"은평구",86,2,118
2015,3,"은평구",98,0,123
2015,4,"은평구",100,2,148
2015,5,"은평구",103,0,150
2015,6,"은평구",108,3,139
2015,7,"은평구",104,2,148
2015,8,"은평구",119,1,162
2015,9,"은평구",121,0,173
2015,10,"은평구",109,2,145
2015,11,"은평구",80,2,106
2015,12,"은평구",96,1,131
2015,1,"서대문구",77,3,115
2015,2,"서대문구",67,1,116
2015,3,"서대문구",95,0,135
2015,4,"서대문구",94,2,145
2015,5,"서대문구",81,1,100
2015,6,"서대문구",79,0,105
2015,7,"서대문구",97,1,120
2015,8,"서대문구",88,0,115
2015,9,"서대문구",101,2,135
2015,10,"서대문구",102,1,139
2015,11,"서대문구",97,0,145
2015,12,"서대문구",93,2,122
2015,1,"마포구",124,0,198
2015,2,"마포구",116,0,184
2015,3,"마포구",152,5,214
2015,4,"마포구",150,1,215
2015,5,"마포구",148,2,220
2015,6,"마포구",172,0,283
2015,7,"마포구",132,2,189
2015,8,"마포구",152,0,228
2015,9,"마포구",172,1,246
2015,10,"마포구",166,2,257
2015,11,"마포구",167,2,271
2015,12,"마포구",151,2,225
2015,1,"양천구",122,0,177
2015,2,"양천구",97,0,134
2015,3,"양천구",119,0,176
2015,4,"양천구",132,2,206
2015,5,"양천구",131,1,172
2015,6,"양천구",142,4,172
2015,7,"양천구",138,1,185
2015,8,"양천구",126,0,166
2015,9,"양천구",144,0,221
2015,10,"양천구",153,2,219
2015,11,"양천구",168,4,245
2015,12,"양천구",124,0,158
2015,1,"강서구",128,0,203
2015,2,"강서구",125,0,161
2015,3,"강서구",130,1,217
2015,4,"강서구",178,1,240
2015,5,"강서구",160,1,216
2015,6,"강서구",146,0,192
2015,7,"강서구",178,0,239
2015,8,"강서구",173,2,235
2015,9,"강서구",174,5,297
2015,10,"강서구",167,1,238
2015,11,"강서구",201,1,278
2015,12,"강서구",172,0,246
2015,1,"구로구",114,5,148
2015,2,"구로구",109,2,141
2015,3,"구로구",107,0,135
2015,4,"구로구",124,2,185
2015,5,"구로구",139,3,200
2015,6,"구로구",121,0,175
2015,7,"구로구",160,0,224
2015,8,"구로구",139,0,205
2015,9,"구로구",112,0,157
2015,10,"구로구",140,2,231
2015,11,"구로구",135,4,189
2015,12,"구로구",108,1,137
2015,1,"금천구",76,3,127
2015,2,"금천구",61,0,95
2015,3,"금천구",81,0,107
2015,4,"금천구",78,0,119
2015,5,"금천구",81,1,116
2015,6,"금천구",73,1,93
2015,7,"금천구",83,0,137
2015,8,"금천구",73,1,104
2015,9,"금천구",91,2,143
2015,10,"금천구",82,0,142
2015,11,"금천구",48,1,68
2015,12,"금천구",87,1,123
2015,1,"영등포구",147,5,253
2015,2,"영등포구",155,4,221
2015,3,"영등포구",186,2,254
2015,4,"영등포구",197,1,285
2015,5,"영등포구",219,0,317
2015,6,"영등포구",213,2,325
2015,7,"영등포구",241,1,340
2015,8,"영등포구",246,1,352
2015,9,"영등포구",216,2,296
2015,10,"영등포구",215,1,297
2015,11,"영등포구",211,4,317
2015,12,"영등포구",216,5,307
2015,1,"동작구",101,0,167
2015,2,"동작구",88,0,138
2015,3,"동작구",96,2,129
2015,4,"동작구",119,0,150
2015,5,"동작구",137,1,187
2015,6,"동작구",110,2,158
2015,7,"동작구",120,0,159
2015,8,"동작구",119,1,187
2015,9,"동작구",116,1,165
2015,10,"동작구",124,0,161
2015,11,"동작구",134,0,205
2015,12,"동작구",122,0,188
2015,1,"관악구",139,2,180
2015,2,"관악구",96,1,128
2015,3,"관악구",128,0,168
2015,4,"관악구",140,0,187
2015,5,"관악구",157,1,198
2015,6,"관악구",123,1,153
2015,7,"관악구",142,0,186
2015,8,"관악구",136,1,175
2015,9,"관악구",125,0,174
2015,10,"관악구",157,4,209
2015,11,"관악구",144,1,193
2015,12,"관악구",138,1,184
2015,1,"서초구",138,2,218
2015,2,"서초구",134,0,188
2015,3,"서초구",189,0,297
2015,4,"서초구",182,4,281
2015,5,"서초구",192,0,279
2015,6,"서초구",202,1,318
2015,7,"서초구",183,2,335
2015,8,"서초구",185,1,290
2015,9,"서초구",174,1,280
2015,10,"서초구",197,3,314
2015,11,"서초구",208,3,309
2015,12,"서초구",176,3,249
2015,1,"강남구",309,1,453
2015,2,"강남구",287,2,424
2015,3,"강남구",345,5,552
2015,4,"강남구",322,1,473
2015,5,"강남구",303,1,438
2015,6,"강남구",296,0,433
2015,7,"강남구",377,0,535
2015,8,"강남구",320,2,435
2015,9,"강남구",306,2,411
2015,10,"강남구",371,3,499
2015,11,"강남구",360,1,513
2015,12,"강남구",374,2,520
2015,1,"송파구",217,1,301
2015,2,"송파구",182,1,254
2015,3,"송파구",212,2,313
2015,4,"송파구",227,1,307
2015,5,"송파구",245,1,318
2015,6,"송파구",231,2,336
2015,7,"송파구",230,1,315
2015,8,"송파구",242,3,348
2015,9,"송파구",216,1,293
2015,10,"송파구",253,1,365
2015,11,"송파구",229,1,324
2015,12,"송파구",203,1,289
2015,1,"강동구",118,2,167
2015,2,"강동구",97,0,152
2015,3,"강동구",132,2,193
2015,4,"강동구",125,3,171
2015,5,"강동구",122,2,194
2015,6,"강동구",109,1,130
2015,7,"강동구",135,3,176
2015,8,"강동구",136,2,206
2015,9,"강동구",139,1,195
2015,10,"강동구",140,2,220
2015,11,"강동구",125,3,166
2015,12,"강동구",116,2,159
2016,1,"종로구",105,0,143
2016,2,"종로구",75,1,103
2016,3,"종로구",113,0,145
2016,4,"종로구",119,0,149
2016,5,"종로구",151,0,189
2016,6,"종로구",95,1,135
2016,7,"종로구",122,1,175
2016,8,"종로구",96,0,135
2016,9,"종로구",102,2,138
2016,10,"종로구",106,1,146
2016,11,"종로구",98,0,133
2016,12,"종로구",117,3,157
2016,1,"중구",94,1,138
2016,2,"중구",84,0,111
2016,3,"중구",107,2,128
2016,4,"중구",129,1,169
2016,5,"중구",113,0,151
2016,6,"중구",102,0,144
2016,7,"중구",110,0,148
2016,8,"중구",106,1,146
2016,9,"중구",100,5,133
2016,10,"중구",136,4,172
2016,11,"중구",101,1,135
2016,12,"중구",106,2,141
2016,1,"용산구",101,0,134
2016,2,"용산구",81,0,119
2016,3,"용산구",111,2,157
2016,4,"용산구",142,2,176
2016,5,"용산구",134,0,195
2016,6,"용산구",107,0,146
2016,7,"용산구",107,1,142
2016,8,"용산구",121,1,192
2016,9,"용산구",119,1,165
2016,10,"용산구",135,2,208
2016,11,"용산구",132,3,205
2016,12,"용산구",138,0,230
2016,1,"성동구",83,0,124
2016,2,"성동구",62,0,101
2016,3,"성동구",109,3,146
2016,4,"성동구",90,3,138
2016,5,"성동구",111,1,135
2016,6,"성동구",89,3,130
2016,7,"성동구",89,0,127
2016,8,"성동구",99,2,145
2016,9,"성동구",75,1,106
2016,10,"성동구",98,1,135
2016,11,"성동구",100,1,127
2016,12,"성동구",94,0,127
2016,1,"광진구",101,0,165
2016,2,"광진구",75,2,111
2016,3,"광진구",94,0,127
2016,4,"광진구",85,0,119
2016,5,"광진구",102,1,142
2016,6,"광진구",85,1,110
2016,7,"광진구",87,0,131
2016,8,"광진구",90,0,126
2016,9,"광진구",82,1,113
2016,10,"광진구",82,2,105
2016,11,"광진구",78,0,98
2016,12,"광진구",84,2,119
2016,1,"동대문구",135,2,184
2016,2,"동대문구",151,1,202
2016,3,"동대문구",192,4,261
2016,4,"동대문구",155,0,196
2016,5,"동대문구",204,1,265
2016,6,"동대문구",192,0,233
2016,7,"동대문구",189,0,246
2016,8,"동대문구",137,0,169
2016,9,"동대문구",168,3,206
2016,10,"동대문구",204,0,272
2016,11,"동대문구",180,3,222
2016,12,"동대문구",144,0,173
2016,1,"중랑구",126,0,164
2016,2,"중랑구",101,0,139
2016,3,"중랑구",131,0,175
2016,4,"중랑구",118,2,141
2016,5,"중랑구",122,0,153
2016,6,"중랑구",142,0,184
2016,7,"중랑구",125,2,177
2016,8,"중랑구",120,1,162
2016,9,"중랑구",141,1,187
2016,10,"중랑구",153,2,205
2016,11,"중랑구",135,1,175
2016,12,"중랑구",121,0,168
2016,1,"성북구",129,0,162
2016,2,"성북구",108,2,135
2016,3,"성북구",148,0,197
2016,4,"성북구",147,2,195
2016,5,"성북구",150,4,187
2016,6,"성북구",124,0,167
2016,7,"성북구",127,3,168
2016,8,"성북구",138,1,175
2016,9,"성북구",139,0,186
2016,10,"성북구",133,1,167
2016,11,"성북구",142,0,184
2016,12,"성북구",133,0,183
2016,1,"강북구",98,1,129
2016,2,"강북구",68,0,85
2016,3,"강북구",112,1,152
2016,4,"강북구",120,2,163
2016,5,"강북구",115,2,170
2016,6,"강북구",116,1,161
2016,7,"강북구",93,1,131
2016,8,"강북구",94,1,126
2016,9,"강북구",105,3,152
2016,10,"강북구",100,0,131
2016,11,"강북구",105,2,150
2016,12,"강북구",101,1,128
2016,1,"도봉구",67,1,94
2016,2,"도봉구",77,3,101
2016,3,"도봉구",76,1,93
2016,4,"도봉구",98,0,152
2016,5,"도봉구",72,1,104
2016,6,"도봉구",82,0,110
2016,7,"도봉구",76,0,98
2016,8,"도봉구",83,1,110
2016,9,"도봉구",71,0,87
2016,10,"도봉구",87,2,128
2016,11,"도봉구",77,1,99
2016,12,"도봉구",83,1,130
2016,1,"노원구",99,1,145
2016,2,"노원구",104,2,159
2016,3,"노원구",109,1,156
2016,4,"노원구",119,1,188
2016,5,"노원구",125,2,177
2016,6,"노원구",132,0,183
2016,7,"노원구",146,1,215
2016,8,"노원구",124,1,176
2016,9,"노원구",136,1,183
2016,10,"노원구",152,1,212
2016,11,"노원구",144,1,205
2016,12,"노원구",145,1,217
2016,1,"은평구",76,1,102
2016,2,"은평구",83,2,118
2016,3,"은평구",88,0,126
2016,4,"은평구",94,2,118
2016,5,"은평구",108,3,141
2016,6,"은평구",108,0,131
2016,7,"은평구",103,2,138
2016,8,"은평구",98,0,150
2016,9,"은평구",95,1,133
2016,10,"은평구",94,1,126
2016,11,"은평구",74,1,106
2016,12,"은평구",100,1,129
2016,1,"서대문구",87,2,122
2016,2,"서대문구",92,0,126
2016,3,"서대문구",98,0,142
2016,4,"서대문구",82,1,111
2016,5,"서대문구",90,2,109
2016,6,"서대문구",82,1,99
2016,7,"서대문구",73,1,96
2016,8,"서대문구",106,0,164
2016,9,"서대문구",94,1,139
2016,10,"서대문구",127,3,179
2016,11,"서대문구",97,1,138
2016,12,"서대문구",107,2,141
2016,1,"마포구",136,3,213
2016,2,"마포구",116,4,163
2016,3,"마포구",143,0,212
2016,4,"마포구",136,0,208
2016,5,"마포구",145,1,203
2016,6,"마포구",139,2,219
2016,7,"마포구",148,1,206
2016,8,"마포구",158,1,236
2016,9,"마포구",153,1,219
2016,10,"마포구",178,0,283
2016,11,"마포구",144,1,192
2016,12,"마포구",172,1,251
2016,1,"양천구",119,1,165
2016,2,"양천구",89,2,124
2016,3,"양천구",124,2,159
2016,4,"양천구",117,2,161
2016,5,"양천구",141,0,192
2016,6,"양천구",118,1,166
2016,7,"양천구",118,1,163
2016,8,"양천구",122,1,178
2016,9,"양천구",128,0,183
2016,10,"양천구",150,0,213
2016,11,"양천구",136,2,166
2016,12,"양천구",131,0,186
2016,1,"강서구",141,3,194
2016,2,"강서구",138,1,189
2016,3,"강서구",139,2,169
2016,4,"강서구",159,0,196
2016,5,"강서구",153,0,201
2016,6,"강서구",140,1,177
2016,7,"강서구",145,1,181
2016,8,"강서구",146,2,205
2016,9,"강서구",137,0,187
2016,10,"강서구",138,2,182
2016,11,"강서구",131,1,166
2016,12,"강서구",124,0,183
2016,1,"구로구",95,2,141
2016,2,"구로구",95,1,135
2016,3,"구로구",121,0,170
2016,4,"구로구",141,0,197
2016,5,"구로구",135,0,188
2016,6,"구로구",114,2,167
2016,7,"구로구",134,0,188
2016,8,"구로구",128,0,174
2016,9,"구로구",152,1,208
2016,10,"구로구",161,1,239
2016,11,"구로구",113,1,154
2016,12,"구로구",122,1,178
2016,1,"금천구",74,1,120
2016,2,"금천구",54,2,71
2016,3,"금천구",59,0,82
2016,4,"금천구",84,2,134
2016,5,"금천구",78,0,108
2016,6,"금천구",62,0,86
2016,7,"금천구",65,1,101
2016,8,"금천구",51,1,58
2016,9,"금천구",58,4,79
2016,10,"금천구",69,3,94
2016,11,"금천구",63,0,83
2016,12,"금천구",82,1,117
2016,1,"영등포구",181,4,267
2016,2,"영등포구",154,0,215
2016,3,"영등포구",194,1,278
2016,4,"영등포구",208,2,315
2016,5,"영등포구",231,2,330
2016,6,"영등포구",189,1,272
2016,7,"영등포구",204,3,274
2016,8,"영등포구",190,2,269
2016,9,"영등포구",204,0,306
2016,10,"영등포구",217,4,300
2016,11,"영등포구",202,3,272
2016,12,"영등포구",229,0,375
2016,1,"동작구",127,1,164
2016,2,"동작구",104,2,156
2016,3,"동작구",116,1,168
2016,4,"동작구",140,4,176
2016,5,"동작구",121,3,149
2016,6,"동작구",111,1,146
2016,7,"동작구",126,1,191
2016,8,"동작구",118,0,158
2016,9,"동작구",125,1,175
2016,10,"동작구",124,1,153
2016,11,"동작구",111,1,171
2016,12,"동작구",148,3,221
2016,1,"관악구",115,2,150
2016,2,"관악구",95,3,133
2016,3,"관악구",121,1,159
2016,4,"관악구",132,2,199
2016,5,"관악구",145,2,192
2016,6,"관악구",110,1,142
2016,7,"관악구",141,0,184
2016,8,"관악구",90,1,131
2016,9,"관악구",118,0,161
2016,10,"관악구",130,1,184
2016,11,"관악구",97,3,110
2016,12,"관악구",114,3,150
2016,1,"서초구",173,2,238
2016,2,"서초구",164,0,244
2016,3,"서초구",187,2,277
2016,4,"서초구",191,1,330
2016,5,"서초구",199,1,272
2016,6,"서초구",189,0,310
2016,7,"서초구",226,3,316
2016,8,"서초구",180,1,307
2016,9,"서초구",176,1,234
2016,10,"서초구",206,3,318
2016,11,"서초구",220,2,329
2016,12,"서초구",202,0,298
2016,1,"강남구",282,0,420
2016,2,"강남구",245,0,356
2016,3,"강남구",325,3,423
2016,4,"강남구",333,0,454
2016,5,"강남구",330,1,447
2016,6,"강남구",341,3,489
2016,7,"강남구",354,1,501
2016,8,"강남구",323,0,449
2016,9,"강남구",311,0,442
2016,10,"강남구",336,3,504
2016,11,"강남구",318,0,457
2016,12,"강남구",330,1,503
2016,1,"송파구",213,0,298
2016,2,"송파구",171,4,218
2016,3,"송파구",220,0,314
2016,4,"송파구",224,1,324
2016,5,"송파구",205,0,293
2016,6,"송파구",232,2,307
2016,7,"송파구",225,1,324
2016,8,"송파구",227,0,319
2016,9,"송파구",231,1,318
2016,10,"송파구",226,0,309
2016,11,"송파구",214,2,295
2016,12,"송파구",210,3,327
2016,1,"강동구",103,1,147
2016,2,"강동구",124,2,162
2016,3,"강동구",118,2,177
2016,4,"강동구",135,0,193
2016,5,"강동구",124,2,161
2016,6,"강동구",114,0,150
2016,7,"강동구",134,4,175
2016,8,"강동구",123,0,159
2016,9,"강동구",108,2,156
2016,10,"강동구",110,1,149
2016,11,"강동구",119,1,166
2016,12,"강동구",114,2,162
2017,1,"종로구",98,2,159
2017,2,"종로구",71,2,96
2017,3,"종로구",99,1,140
2017,4,"종로구",113,1,166
2017,5,"종로구",116,0,146
2017,6,"종로구",114,0,152
2017,7,"종로구",87,2,141
2017,8,"종로구",81,0,119
2017,9,"종로구",112,1,155
2017,10,"종로구",94,0,145
2017,11,"종로구",97,2,115
2017,12,"종로구",108,2,155
2017,1,"중구",96,0,133
2017,2,"중구",103,0,147
2017,3,"중구",110,1,134
2017,4,"중구",89,0,132
2017,5,"중구",111,0,142
2017,6,"중구",108,2,151
2017,7,"중구",109,0,141
2017,8,"중구",96,0,140
2017,9,"중구",101,1,131
2017,10,"중구",105,0,129
2017,11,"중구",124,0,167
2017,12,"중구",100,0,137
2017,1,"용산구",109,0,169
2017,2,"용산구",89,0,122
2017,3,"용산구",89,0,135
2017,4,"용산구",111,0,153
2017,5,"용산구",117,1,161
2017,6,"용산구",103,4,135
2017,7,"용산구",101,2,157
2017,8,"용산구",112,0,155
2017,9,"용산구",134,1,189
2017,10,"용산구",150,1,216
2017,11,"용산구",102,2,157
2017,12,"용산구",120,1,200
2017,1,"성동구",83,2,117
2017,2,"성동구",75,1,121
2017,3,"성동구",80,2,102
2017,4,"성동구",101,0,141
2017,5,"성동구",83,2,110
2017,6,"성동구",98,0,141
2017,7,"성동구",102,1,140
2017,8,"성동구",84,2,115
2017,9,"성동구",104,2,145
2017,10,"성동구",87,0,113
2017,11,"성동구",92,2,127
2017,12,"성동구",87,1,129
2017,1,"광진구",73,3,105
2017,2,"광진구",78,1,101
2017,3,"광진구",89,1,112
2017,4,"광진구",83,3,106
2017,5,"광진구",101,2,125
2017,6,"광진구",101,2,137
2017,7,"광진구",80,0,95
2017,8,"광진구",86,1,129
2017,9,"광진구",87,0,110
2017,10,"광진구",99,2,133
2017,11,"광진구",89,0,127
2017,12,"광진구",98,1,161
2017,1,"동대문구",156,1,218
2017,2,"동대문구",127,3,160
2017,3,"동대문구",144,1,181
2017,4,"동대문구",144,0,165
2017,5,"동대문구",118,0,145
2017,6,"동대문구",142,0,166
2017,7,"동대문구",154,1,205
2017,8,"동대문구",149,7,172
2017,9,"동대문구",147,1,182
2017,10,"동대문구",143,5,179
2017,11,"동대문구",144,2,173
2017,12,"동대문구",150,4,193
2017,1,"중랑구",127,1,179
2017,2,"중랑구",113,1,175
2017,3,"중랑구",129,0,171
2017,4,"중랑구",120,0,169
2017,5,"중랑구",173,1,233
2017,6,"중랑구",145,0,184
2017,7,"중랑구",136,0,185
2017,8,"중랑구",132,0,174
2017,9,"중랑구",153,1,190
2017,10,"중랑구",144,0,207
2017,11,"중랑구",140,1,193
2017,12,"중랑구",127,1,168
2017,1,"성북구",127,1,184
2017,2,"성북구",100,1,116
2017,3,"성북구",109,0,151
2017,4,"성북구",134,1,186
2017,5,"성북구",131,3,175
2017,6,"성북구",136,0,180
2017,7,"성북구",131,1,178
2017,8,"성북구",124,2,157
2017,9,"성북구",148,3,182
2017,10,"성북구",113,2,142
2017,11,"성북구",173,2,240
2017,12,"성북구",131,1,177
2017,1,"강북구",90,0,126
2017,2,"강북구",77,1,109
2017,3,"강북구",111,2,138
2017,4,"강북구",88,1,108
2017,5,"강북구",90,1,128
2017,6,"강북구",97,0,129
2017,7,"강북구",103,0,125
2017,8,"강북구",104,0,145
2017,9,"강북구",107,0,143
2017,10,"강북구",139,3,167
2017,11,"강북구",109,0,136
2017,12,"강북구",87,1,113
2017,1,"도봉구",72,0,107
2017,2,"도봉구",70,2,95
2017,3,"도봉구",62,1,84
2017,4,"도봉구",83,1,104
2017,5,"도봉구",81,1,92
2017,6,"도봉구",66,1,87
2017,7,"도봉구",94,2,129
2017,8,"도봉구",81,0,101
2017,9,"도봉구",88,0,119
2017,10,"도봉구",73,1,98
2017,11,"도봉구",108,0,128
2017,12,"도봉구",66,0,95
2017,1,"노원구",132,0,189
2017,2,"노원구",100,1,122
2017,3,"노원구",121,0,164
2017,4,"노원구",121,1,176
2017,5,"노원구",134,0,178
2017,6,"노원구",107,0,135
2017,7,"노원구",118,2,160
2017,8,"노원구",143,2,190
2017,9,"노원구",158,1,219
2017,10,"노원구",132,1,192
2017,11,"노원구",116,2,165
2017,12,"노원구",117,1,165
2017,1,"은평구",74,1,125
2017,2,"은평구",64,1,92
2017,3,"은평구",88,0,113
2017,4,"은평구",89,0,141
2017,5,"은평구",95,1,128
2017,6,"은평구",74,0,108
2017,7,"은평구",104,3,125
2017,8,"은평구",89,0,115
2017,9,"은평구",94,0,114
2017,10,"은평구",94,2,157
2017,11,"은평구",116,2,163
2017,12,"은평구",86,2,108
2017,1,"서대문구",90,1,130
2017,2,"서대문구",72,0,91
2017,3,"서대문구",86,2,112
2017,4,"서대문구",93,0,122
2017,5,"서대문구",102,0,143
2017,6,"서대문구",91,1,124
2017,7,"서대문구",85,1,133
2017,8,"서대문구",92,0,124
2017,9,"서대문구",96,0,120
2017,10,"서대문구",80,3,143
2017,11,"서대문구",72,0,95
2017,12,"서대문구",73,0,93
2017,1,"마포구",170,1,260
2017,2,"마포구",155,0,247
2017,3,"마포구",141,3,198
2017,4,"마포구",138,1,208
2017,5,"마포구",165,1,257
2017,6,"마포구",163,1,241
2017,7,"마포구",176,0,274
2017,8,"마포구",168,0,235
2017,9,"마포구",141,0,226
2017,10,"마포구",152,1,219
2017,11,"마포구",136,0,205
2017,12,"마포구",154,0,223
2017,1,"양천구",119,2,167
2017,2,"양천구",83,2,106
2017,3,"양천구",111,0,151
2017,4,"양천구",109,0,122
2017,5,"양천구",117,4,154
2017,6,"양천구",104,0,145
2017,7,"양천구",124,2,168
2017,8,"양천구",109,1,146
2017,9,"양천구",116,0,153
2017,10,"양천구",110,2,145
2017,11,"양천구",122,0,167
2017,12,"양천구",119,0,165
2017,1,"강서구",155,1,237
2017,2,"강서구",112,1,154
2017,3,"강서구",140,1,174
2017,4,"강서구",146,0,201
2017,5,"강서구",121,0,156
2017,6,"강서구",147,3,183
2017,7,"강서구",136,1,192
2017,8,"강서구",129,2,189
2017,9,"강서구",128,2,166
2017,10,"강서구",137,0,195
2017,11,"강서구",114,0,159
2017,12,"강서구",119,1,149
2017,1,"구로구",119,0,173
2017,2,"구로구",91,0,134
2017,3,"구로구",103,0,150
2017,4,"구로구",111,0,144
2017,5,"구로구",118,2,160
2017,6,"구로구",111,1,145
2017,7,"구로구",127,1,174
2017,8,"구로구",111,1,151
2017,9,"구로구",157,2,218
2017,10,"구로구",134,1,172
2017,11,"구로구",137,3,177
2017,12,"구로구",114,1,162
2017,1,"금천구",62,2,103
2017,2,"금천구",63,0,102
2017,3,"금천구",60,1,75
2017,4,"금천구",68,0,103
2017,5,"금천구",65,0,93
2017,6,"금천구",72,1,95
2017,7,"금천구",64,0,90
2017,8,"금천구",71,1,111
2017,9,"금천구",83,1,125
2017,10,"금천구",73,0,117
2017,11,"금천구",73,0,119
2017,12,"금천구",70,0,95
2017,1,"영등포구",175,3,269
2017,2,"영등포구",186,0,283
2017,3,"영등포구",197,2,285
2017,4,"영등포구",185,4,248
2017,5,"영등포구",209,0,354
2017,6,"영등포구",195,3,264
2017,7,"영등포구",181,2,255
2017,8,"영등포구",217,1,309
2017,9,"영등포구",214,3,312
2017,10,"영등포구",197,1,284
2017,11,"영등포구",237,3,332
2017,12,"영등포구",193,0,324
2017,1,"동작구",126,2,196
2017,2,"동작구",121,2,177
2017,3,"동작구",111,0,164
2017,4,"동작구",114,1,163
2017,5,"동작구",93,3,143
2017,6,"동작구",114,2,194
2017,7,"동작구",116,0,162
2017,8,"동작구",123,1,182
2017,9,"동작구",119,1,174
2017,10,"동작구",108,3,145
2017,11,"동작구",127,2,167
2017,12,"동작구",137,3,176
2017,1,"관악구",105,3,136
2017,2,"관악구",92,1,123
2017,3,"관악구",115,2,157
2017,4,"관악구",101,0,131
2017,5,"관악구",108,0,151
2017,6,"관악구",103,0,141
2017,7,"관악구",116,0,149
2017,8,"관악구",121,0,163
2017,9,"관악구",106,1,130
2017,10,"관악구",93,0,133
2017,11,"관악구",115,1,144
2017,12,"관악구",76,3,101
2017,1,"서초구",193,2,301
2017,2,"서초구",158,2,232
2017,3,"서초구",166,1,256
2017,4,"서초구",215,3,319
2017,5,"서초구",208,0,294
2017,6,"서초구",185,2,251
2017,7,"서초구",213,6,336
2017,8,"서초구",214,0,313
2017,9,"서초구",187,2,283
2017,10,"서초구",212,1,346
2017,11,"서초구",190,0,285
2017,12,"서초구",220,2,332
2017,1,"강남구",302,2,464
2017,2,"강남구",256,1,366
2017,3,"강남구",296,3,433
2017,4,"강남구",275,1,388
2017,5,"강남구",281,1,405
2017,6,"강남구",299,2,423
2017,7,"강남구",296,0,423
2017,8,"강남구",287,1,401
2017,9,"강남구",282,5,390
2017,10,"강남구",270,2,387
2017,11,"강남구",302,1,410
2017,12,"강남구",323,0,469
2017,1,"송파구",208,3,307
2017,2,"송파구",155,2,222
2017,3,"송파구",226,1,312
2017,4,"송파구",243,1,340
2017,5,"송파구",222,2,290
2017,6,"송파구",238,2,315
2017,7,"송파구",225,2,315
2017,8,"송파구",268,0,392
2017,9,"송파구",295,4,404
2017,10,"송파구",230,0,304
2017,11,"송파구",246,3,325
2017,12,"송파구",202,3,279
2017,1,"강동구",105,0,138
2017,2,"강동구",117,1,190
2017,3,"강동구",115,4,149
2017,4,"강동구",98,3,136
2017,5,"강동구",125,2,176
2017,6,"강동구",134,2,195
2017,7,"강동구",90,2,125
2017,8,"강동구",117,2,151
2017,9,"강동구",131,1,172
2017,10,"강동구",143,0,178
2017,11,"강동구",94,0,124
2017,12,"강동구",102,2,139
2018,1,"종로구",103,0,133
2018,2,"종로구",84,1,111
2018,3,"종로구",101,0,149
2018,4,"종로구",93,0,114
2018,5,"종로구",102,1,143
2018,6,"종로구",96,1,123
2018,7,"종로구",89,0,128
2018,8,"종로구",90,0,127
2018,9,"종로구",91,1,133
2018,10,"종로구",113,0,166
2018,11,"종로구",75,1,100
2018,12,"종로구",97,1,119
2018,1,"중구",104,1,143
2018,2,"중구",95,2,116
2018,3,"중구",106,1,141
2018,4,"중구",84,1,130
2018,5,"중구",105,1,134
2018,6,"중구",103,0,129
2018,7,"중구",80,0,116
2018,8,"중구",85,1,117
2018,9,"중구",77,0,93
2018,10,"중구",102,0,128
2018,11,"중구",93,1,131
2018,12,"중구",94,1,128
2018,1,"용산구",100,3,140
2018,2,"용산구",104,1,149
2018,3,"용산구",102,0,160
2018,4,"용산구",123,0,162
2018,5,"용산구",134,2,182
2018,6,"용산구",105,3,142
2018,7,"용산구",114,1,145
2018,8,"용산구",118,1,169
2018,9,"용산구",102,1,137
2018,10,"용산구",125,1,185
2018,11,"용산구",100,0,132
2018,12,"용산구",103,1,149
2018,1,"성동구",81,3,110
2018,2,"성동구",91,0,122
2018,3,"성동구",99,2,144
2018,4,"성동구",88,0,113
2018,5,"성동구",112,0,166
2018,6,"성동구",92,1,124
2018,7,"성동구",103,1,135
2018,8,"성동구",91,0,129
2018,9,"성동구",94,1,121
2018,10,"성동구",113,0,157
2018,11,"성동구",104,1,134
2018,12,"성동구",75,0,106
2018,1,"광진구",90,1,119
2018,2,"광진구",84,0,111
2018,3,"광진구",73,1,101
2018,4,"광진구",100,0,126
2018,5,"광진구",101,0,134
2018,6,"광진구",109,0,140
2018,7,"광진구",95,3,130
2018,8,"광진구",101,1,136
2018,9,"광진구",82,0,107
2018,10,"광진구",92,0,135
2018,11,"광진구",111,1,148
2018,12,"광진구",70,3,87
2018,1,"동대문구",142,0,185
2018,2,"동대문구",131,1,162
2018,3,"동대문구",128,3,163
2018,4,"동대문구",135,2,166
2018,5,"동대문구",150,0,205
2018,6,"동대문구",146,1,184
2018,7,"동대문구",152,0,182
2018,8,"동대문구",135,0,185
2018,9,"동대문구",148,2,175
2018,10,"동대문구",151,2,184
2018,11,"동대문구",133,2,181
2018,12,"동대문구",148,1,188
2018,1,"중랑구",125,1,183
2018,2,"중랑구",125,1,169
2018,3,"중랑구",116,3,140
2018,4,"중랑구",121,0,159
2018,5,"중랑구",151,1,213
2018,6,"중랑구",130,0,180
2018,7,"중랑구",144,0,188
2018,8,"중랑구",112,2,153
2018,9,"중랑구",124,0,183
2018,10,"중랑구",154,0,227
2018,11,"중랑구",139,2,182
2018,12,"중랑구",124,0,158
2018,1,"성북구",147,0,194
2018,2,"성북구",116,2,168
2018,3,"성북구",117,1,160
2018,4,"성북구",109,1,178
2018,5,"성북구",139,0,210
2018,6,"성북구",108,2,152
2018,7,"성북구",107,0,142
2018,8,"성북구",105,2,161
2018,9,"성북구",117,1,152
2018,10,"성북구",131,3,162
2018,11,"성북구",104,0,128
2018,12,"성북구",127,2,173
2018,1,"강북구",102,0,160
2018,2,"강북구",103,2,139
2018,3,"강북구",96,1,135
2018,4,"강북구",99,1,136
2018,5,"강북구",125,0,158
2018,6,"강북구",93,1,118
2018,7,"강북구",89,3,133
2018,8,"강북구",102,1,136
2018,9,"강북구",104,0,129
2018,10,"강북구",107,2,128
2018,11,"강북구",97,1,123
2018,12,"강북구",99,1,138
2018,1,"도봉구",67,0,84
2018,2,"도봉구",61,1,76
2018,3,"도봉구",53,0,59
2018,4,"도봉구",63,0,84
2018,5,"도봉구",86,1,102
2018,6,"도봉구",78,1,90
2018,7,"도봉구",76,1,93
2018,8,"도봉구",77,0,102
2018,9,"도봉구",69,0,90
2018,10,"도봉구",82,2,109
2018,11,"도봉구",53,0,89
2018,12,"도봉구",59,0,83
2018,1,"노원구",132,2,176
2018,2,"노원구",125,1,164
2018,3,"노원구",125,1,217
2018,4,"노원구",141,1,180
2018,5,"노원구",142,0,193
2018,6,"노원구",126,4,155
2018,7,"노원구",115,2,178
2018,8,"노원구",111,1,169
2018,9,"노원구",140,0,218
2018,10,"노원구",128,1,179
2018,11,"노원구",130,1,172
2018,12,"노원구",154,0,226
2018,1,"은평구",79,1,106
2018,2,"은평구",81,1,146
2018,3,"은평구",73,1,104
2018,4,"은평구",92,1,119
2018,5,"은평구",90,0,123
2018,6,"은평구",102,0,133
2018,7,"은평구",101,1,138
2018,8,"은평구",107,1,149
2018,9,"은평구",112,3,135
2018,10,"은평구",102,1,136
2018,11,"은평구",94,0,126
2018,12,"은평구",101,2,165
2018,1,"서대문구",71,0,106
2018,2,"서대문구",79,1,110
2018,3,"서대문구",83,0,101
2018,4,"서대문구",101,2,137
2018,5,"서대문구",87,2,120
2018,6,"서대문구",83,0,106
2018,7,"서대문구",86,0,114
2018,8,"서대문구",81,0,109
2018,9,"서대문구",86,0,118
2018,10,"서대문구",102,0,141
2018,11,"서대문구",82,0,123
2018,12,"서대문구",92,0,118
2018,1,"마포구",153,0,229
2018,2,"마포구",137,1,217
2018,3,"마포구",127,1,178
2018,4,"마포구",129,1,181
2018,5,"마포구",144,3,193
2018,6,"마포구",141,0,215
2018,7,"마포구",140,0,228
2018,8,"마포구",124,2,185
2018,9,"마포구",153,0,227
2018,10,"마포구",148,2,202
2018,11,"마포구",148,1,203
2018,12,"마포구",127,0,171
2018,1,"양천구",114,0,179
2018,2,"양천구",106,1,140
2018,3,"양천구",128,1,171
2018,4,"양천구",115,0,141
2018,5,"양천구",137,1,201
2018,6,"양천구",130,1,180
2018,7,"양천구",125,1,166
2018,8,"양천구",123,0,176
2018,9,"양천구",87,1,112
2018,10,"양천구",140,1,181
2018,11,"양천구",113,3,141
2018,12,"양천구",110,1,151
2018,1,"강서구",134,3,210
2018,2,"강서구",134,0,177
2018,3,"강서구",109,0,164
2018,4,"강서구",124,0,206
2018,5,"강서구",103,1,155
2018,6,"강서구",131,2,189
2018,7,"강서구",115,0,173
2018,8,"강서구",141,2,228
2018,9,"강서구",116,1,169
2018,10,"강서구",122,0,156
2018,11,"강서구",146,0,208
2018,12,"강서구",127,2,173
2018,1,"구로구",103,3,162
2018,2,"구로구",118,1,182
2018,3,"구로구",124,0,167
2018,4,"구로구",114,1,159
2018,5,"구로구",137,0,176
2018,6,"구로구",126,0,177
2018,7,"구로구",148,1,206
2018,8,"구로구",117,1,150
2018,9,"구로구",142,1,209
2018,10,"구로구",147,0,195
2018,11,"구로구",128,2,179
2018,12,"구로구",128,3,167
2018,1,"금천구",75,1,118
2018,2,"금천구",70,0,104
2018,3,"금천구",88,0,124
2018,4,"금천구",93,1,114
2018,5,"금천구",89,0,123
2018,6,"금천구",60,0,80
2018,7,"금천구",84,2,106
2018,8,"금천구",70,0,103
2018,9,"금천구",72,0,106
2018,10,"금천구",81,0,110
2018,11,"금천구",80,2,146
2018,12,"금천구",70,0,92
2018,1,"영등포구",222,2,316
2018,2,"영등포구",185,3,261
2018,3,"영등포구",193,2,274
2018,4,"영등포구",197,1,269
2018,5,"영등포구",196,2,277
2018,6,"영등포구",221,1,309
2018,7,"영등포구",195,2,283
2018,8,"영등포구",223,3,310
2018,9,"영등포구",221,1,325
2018,10,"영등포구",207,3,279
2018,11,"영등포구",220,2,313
2018,12,"영등포구",213,0,316
2018,1,"동작구",92,1,109
2018,2,"동작구",109,2,148
2018,3,"동작구",89,0,126
2018,4,"동작구",133,3,179
2018,5,"동작구",125,1,176
2018,6,"동작구",133,1,179
2018,7,"동작구",110,1,150
2018,8,"동작구",134,0,169
2018,9,"동작구",122,0,167
2018,10,"동작구",126,0,174
2018,11,"동작구",113,0,144
2018,12,"동작구",126,0,171
2018,1,"관악구",102,1,130
2018,2,"관악구",108,0,138
2018,3,"관악구",107,2,139
2018,4,"관악구",113,0,148
2018,5,"관악구",119,0,155
2018,6,"관악구",100,0,126
2018,7,"관악구",107,0,148
2018,8,"관악구",115,3,161
2018,9,"관악구",103,1,144
2018,10,"관악구",106,0,149
2018,11,"관악구",115,0,144
2018,12,"관악구",105,1,135
2018,1,"서초구",229,1,321
2018,2,"서초구",187,2,297
2018,3,"서초구",227,1,331
2018,4,"서초구",180,1,246
2018,5,"서초구",203,3,310
2018,6,"서초구",185,0,271
2018,7,"서초구",208,1,312
2018,8,"서초구",200,1,296
2018,9,"서초구",210,4,287
2018,10,"서초구",213,0,313
2018,11,"서초구",223,2,337
2018,12,"서초구",213,2,319
2018,1,"강남구",316,1,456
2018,2,"강남구",249,1,369
2018,3,"강남구",278,3,393
2018,4,"강남구",283,1,411
2018,5,"강남구",288,0,404
2018,6,"강남구",288,0,436
2018,7,"강남구",326,2,427
2018,8,"강남구",301,3,438
2018,9,"강남구",249,2,356
2018,10,"강남구",297,2,403
2018,11,"강남구",292,2,447
2018,12,"강남구",292,3,427
2018,1,"송파구",224,4,320
2018,2,"송파구",191,2,266
2018,3,"송파구",212,2,290
2018,4,"송파구",265,4,365
2018,5,"송파구",266,2,352
2018,6,"송파구",248,2,336
2018,7,"송파구",288,5,396
2018,8,"송파구",220,2,309
2018,9,"송파구",202,0,283
2018,10,"송파구",273,1,364
2018,11,"송파구",236,3,333
2018,12,"송파구",235,0,318
2018,1,"강동구",85,1,101
2018,2,"강동구",100,1,136
2018,3,"강동구",118,2,157
2018,4,"강동구",124,2,152
2018,5,"강동구",123,1,190
2018,6,"강동구",119,0,178
2018,7,"강동구",124,2,171
2018,8,"강동구",120,0,161
2018,9,"강동구",121,0,159
2018,10,"강동구",138,0,189
2018,11,"강동구",114,3,135
2018,12,"강동구",132,0,193
2019,1,"종로구",87,1,125
2019,2,"종로구",66,1,84
2019,3,"종로구",87,2,122
2019,4,"종로구",85,0,131
2019,5,"종로구",112,1,158
2019,6,"종로구",95,1,116
2019,7,"종로구",83,0,109
2019,8,"종로구",115,0,164
2019,9,"종로구",99,0,143
2019,10,"종로구",104,0,139
2019,11,"종로구",100,0,126
2019,12,"종로구",100,0,142
2019,1,"중구",100,3,124
2019,2,"중구",53,0,80
2019,3,"중구",85,0,113
2019,4,"중구",113,1,154
2019,5,"중구",104,0,135
2019,6,"중구",104,0,139
2019,7,"중구",107,0,140
2019,8,"중구",101,0,127
2019,9,"중구",90,0,125
2019,10,"중구",93,1,133
2019,11,"중구",121,0,163
2019,12,"중구",113,0,182
2019,1,"용산구",104,1,142
2019,2,"용산구",87,0,105
2019,3,"용산구",112,2,163
2019,4,"용산구",102,0,138
2019,5,"용산구",98,0,143
2019,6,"용산구",99,0,135
2019,7,"용산구",92,2,118
2019,8,"용산구",95,3,131
2019,9,"용산구",95,1,125
2019,10,"용산구",100,0,139
2019,11,"용산구",114,0,151
2019,12,"용산구",89,1,124
2019,1,"성동구",88,2,119
2019,2,"성동구",76,0,113
2019,3,"성동구",78,1,100
2019,4,"성동구",96,1,129
2019,5,"성동구",101,3,127
2019,6,"성동구",108,1,143
2019,7,"성동구",87,0,115
2019,8,"성동구",75,0,103
2019,9,"성동구",89,0,123
2019,10,"성동구",110,3,134
2019,11,"성동구",97,0,126
2019,12,"성동구",86,2,107
2019,1,"광진구",47,0,70
2019,2,"광진구",62,0,92
2019,3,"광진구",82,1,99
2019,4,"광진구",109,0,142
2019,5,"광진구",100,1,128
2019,6,"광진구",83,0,111
2019,7,"광진구",72,1,102
2019,8,"광진구",90,0,138
2019,9,"광진구",93,0,125
2019,10,"광진구",92,0,121
2019,11,"광진구",77,0,98
2019,12,"광진구",66,0,90
2019,1,"동대문구",115,0,148
2019,2,"동대문구",92,0,133
2019,3,"동대문구",111,1,147
2019,4,"동대문구",126,0,153
2019,5,"동대문구",112,0,141
2019,6,"동대문구",132,4,165
2019,7,"동대문구",142,1,175
2019,8,"동대문구",137,2,171
2019,9,"동대문구",157,2,194
2019,10,"동대문구",139,3,172
2019,11,"동대문구",149,0,200
2019,12,"동대문구",153,2,189
2019,1,"중랑구",122,0,153
2019,2,"중랑구",117,0,142
2019,3,"중랑구",118,2,151
2019,4,"중랑구",134,1,178
2019,5,"중랑구",134,1,179
2019,6,"중랑구",131,2,164
2019,7,"중랑구",125,1,175
2019,8,"중랑구",138,1,187
2019,9,"중랑구",147,3,180
2019,10,"중랑구",171,1,229
2019,11,"중랑구",156,0,219
2019,12,"중랑구",127,0,165
2019,1,"성북구",105,0,151
2019,2,"성북구",102,2,135
2019,3,"성북구",126,0,181
2019,4,"성북구",133,1,168
2019,5,"성북구",128,1,157
2019,6,"성북구",115,1,145
2019,7,"성북구",117,0,173
2019,8,"성북구",125,0,177
2019,9,"성북구",128,0,161
2019,10,"성북구",149,0,197
2019,11,"성북구",150,1,178
2019,12,"성북구",131,2,184
2019,1,"강북구",88,0,114
2019,2,"강북구",76,0,107
2019,3,"강북구",119,1,156
2019,4,"강북구",112,1,151
2019,5,"강북구",116,0,153
2019,6,"강북구",117,1,153
2019,7,"강북구",88,0,108
2019,8,"강북구",125,1,173
2019,9,"강북구",112,1,163
2019,10,"강북구",114,1,148
2019,11,"강북구",115,1,149
2019,12,"강북구",95,0,131
2019,1,"도봉구",70,3,100
2019,2,"도봉구",48,0,60
2019,3,"도봉구",68,0,100
2019,4,"도봉구",67,0,95
2019,5,"도봉구",82,0,113
2019,6,"도봉구",83,0,113
2019,7,"도봉구",63,0,76
2019,8,"도봉구",79,1,107
2019,9,"도봉구",71,0,93
2019,10,"도봉구",79,0,110
2019,11,"도봉구",72,0,100
2019,12,"도봉구",70,0,96
2019,1,"노원구",137,1,201
2019,2,"노원구",101,0,136
2019,3,"노원구",123,1,169
2019,4,"노원구",139,0,191
2019,5,"노원구",153,1,203
2019,6,"노원구",138,0,187
2019,7,"노원구",148,2,192
2019,8,"노원구",139,0,188
2019,9,"노원구",149,1,222
2019,10,"노원구",165,1,203
2019,11,"노원구",175,0,231
2019,12,"노원구",136,1,179
2019,1,"은평구",83,1,115
2019,2,"은평구",74,0,94
2019,3,"은평구",85,1,122
2019,4,"은평구",88,0,108
2019,5,"은평구",107,1,134
2019,6,"은평구",92,0,113
2019,7,"은평구",84,0,105
2019,8,"은평구",91,2,115
2019,9,"은평구",99,0,141
2019,10,"은평구",103,1,139
2019,11,"은평구",110,0,139
2019,12,"은평구",103,1,139
2019,1,"서대문구",82,0,108
2019,2,"서대문구",75,0,92
2019,3,"서대문구",73,1,83
2019,4,"서대문구",81,1,105
2019,5,"서대문구",111,1,159
2019,6,"서대문구",90,1,173
2019,7,"서대문구",107,1,146
2019,8,"서대문구",94,2,123
2019,9,"서대문구",118,3,178
2019,10,"서대문구",84,2,189
2019,11,"서대문구",104,1,139
2019,12,"서대문구",94,1,114
2019,1,"마포구",110,0,160
2019,2,"마포구",112,1,160
2019,3,"마포구",108,0,150
2019,4,"마포구",104,0,142
2019,5,"마포구",139,2,193
2019,6,"마포구",129,0,182
2019,7,"마포구",148,1,224
2019,8,"마포구",145,0,206
2019,9,"마포구",121,1,175
2019,10,"마포구",129,0,189
2019,11,"마포구",124,0,175
2019,12,"마포구",125,2,167
2019,1,"양천구",125,1,182
2019,2,"양천구",81,0,115
2019,3,"양천구",114,0,164
2019,4,"양천구",133,3,174
2019,5,"양천구",135,1,194
2019,6,"양천구",114,1,147
2019,7,"양천구",120,0,166
2019,8,"양천구",157,2,217
2019,9,"양천구",110,1,135
2019,10,"양천구",160,1,232
2019,11,"양천구",128,0,172
2019,12,"양천구",129,1,187
2019,1,"강서구",136,1,179
2019,2,"강서구",131,0,165
2019,3,"강서구",144,2,194
2019,4,"강서구",140,2,189
2019,5,"강서구",153,5,230
2019,6,"강서구",143,1,206
2019,7,"강서구",147,0,185
2019,8,"강서구",189,1,260
2019,9,"강서구",162,1,237
2019,10,"강서구",167,4,214
2019,11,"강서구",162,1,226
2019,12,"강서구",155,2,206
2019,1,"구로구",140,5,189
2019,2,"구로구",100,2,127
2019,3,"구로구",132,0,189
2019,4,"구로구",138,0,204
2019,5,"구로구",129,0,177
2019,6,"구로구",134,2,187
2019,7,"구로구",112,0,148
2019,8,"구로구",124,1,177
2019,9,"구로구",128,0,180
2019,10,"구로구",129,1,178
2019,11,"구로구",137,1,167
2019,12,"구로구",126,1,173
2019,1,"금천구",63,2,81
2019,2,"금천구",49,0,69
2019,3,"금천구",81,1,110
2019,4,"금천구",87,0,119
2019,5,"금천구",81,0,111
2019,6,"금천구",65,0,86
2019,7,"금천구",91,0,123
2019,8,"금천구",95,1,169
2019,9,"금천구",62,3,91
2019,10,"금천구",88,2,164
2019,11,"금천구",81,0,119
2019,12,"금천구",77,0,111
2019,1,"영등포구",197,0,268
2019,2,"영등포구",139,2,186
2019,3,"영등포구",187,1,252
2019,4,"영등포구",228,1,360
2019,5,"영등포구",214,0,325
2019,6,"영등포구",217,2,293
2019,7,"영등포구",212,1,285
2019,8,"영등포구",214,1,295
2019,9,"영등포구",190,0,286
2019,10,"영등포구",238,2,344
2019,11,"영등포구",200,1,279
2019,12,"영등포구",203,0,278
2019,1,"동작구",89,1,118
2019,2,"동작구",87,0,119
2019,3,"동작구",130,1,184
2019,4,"동작구",111,1,136
2019,5,"동작구",137,0,231
2019,6,"동작구",125,0,210
2019,7,"동작구",121,0,168
2019,8,"동작구",106,0,150
2019,9,"동작구",124,2,156
2019,10,"동작구",133,0,184
2019,11,"동작구",131,0,193
2019,12,"동작구",112,0,172
2019,1,"관악구",104,0,148
2019,2,"관악구",94,0,116
2019,3,"관악구",101,2,131
2019,4,"관악구",129,1,163
2019,5,"관악구",115,0,144
2019,6,"관악구",121,0,154
2019,7,"관악구",132,0,166
2019,8,"관악구",128,0,166
2019,9,"관악구",114,1,149
2019,10,"관악구",114,1,144
2019,11,"관악구",117,1,141
2019,12,"관악구",94,4,133
2019,1,"서초구",200,0,293
2019,2,"서초구",153,0,237
2019,3,"서초구",190,0,243
2019,4,"서초구",193,0,311
2019,5,"서초구",200,2,277
2019,6,"서초구",189,1,288
2019,7,"서초구",214,2,296
2019,8,"서초구",191,0,271
2019,9,"서초구",210,3,301
2019,10,"서초구",225,1,320
2019,11,"서초구",260,2,371
2019,12,"서초구",193,3,322
2019,1,"강남구",281,2,412
2019,2,"강남구",227,3,315
2019,3,"강남구",280,2,401
2019,4,"강남구",295,0,389
2019,5,"강남구",320,0,484
2019,6,"강남구",302,1,442
2019,7,"강남구",326,0,450
2019,8,"강남구",320,1,435
2019,9,"강남구",302,0,389
2019,10,"강남구",336,2,440
2019,11,"강남구",383,2,542
2019,12,"강남구",350,1,483
2019,1,"송파구",212,0,319
2019,2,"송파구",193,2,253
2019,3,"송파구",243,0,336
2019,4,"송파구",228,0,317
2019,5,"송파구",277,3,398
2019,6,"송파구",241,0,311
2019,7,"송파구",227,1,312
2019,8,"송파구",247,1,340
2019,9,"송파구",245,0,341
2019,10,"송파구",304,3,447
2019,11,"송파구",260,3,330
2019,12,"송파구",215,0,299
2019,1,"강동구",98,1,115
2019,2,"강동구",87,0,133
2019,3,"강동구",122,0,163
2019,4,"강동구",112,0,153
2019,5,"강동구",139,1,192
2019,6,"강동구",123,1,179
2019,7,"강동구",146,2,189
2019,8,"강동구",127,2,175
2019,9,"강동구",98,2,137
2019,10,"강동구",108,1,144
2019,11,"강동구",146,0,199
2019,12,"강동구",108,1,131
